,Rigidity,initialLatitude,initialLongitude,Filter,Lat,Long,Xpla,Ypla,Zpla,initialZenith,initialAzimuth,THETApla,PHIpla,angleDiffRad,weightingFactor,Rlower,Reffective,Rupper,angleBetweenIMFinRadians,PitchAngleWeightingFactor,RigidityWeightingFactor,fullRigidityPitchWeightingFactor,Energy,fullEnergyPitchWeightingFactor
0,0.2,65.02,25.5,0.0,11.846801216666668,-25.20101558888889,-2.8225754111111114,1.4982829211111113,0.90172814,21.333333333333332,120.0,33.067789339132084,144.51334013684664,1.2576466668327084,0.3379491115374337,0.7444444444444445,0.7666666666666667,0.788888888888889,1.7089011232857014,0.3040130736771885,0.0,0.0,21.079000549767272,0.0
1,0.3,65.02,25.5,0.0,-4.347226683333334,-51.69412049444444,-2.8601245511111113,-1.934165247777778,-0.32253692333333334,21.333333333333332,120.0,-10.63206708588084,202.85911439331022,1.5990294718198759,-0.030204102750115473,0.7444444444444445,0.7666666666666667,0.788888888888889,1.7828834162968645,0.33151959380250023,0.0,0.0,46.79365147090057,0.0
2,0.4,65.02,25.5,0.0,2.1347897033333334,-16.15538190666667,2.723687735555556,-3.839515741111111,-0.9914377655555556,21.333333333333332,120.0,-59.78538486978937,-55.014245620218816,1.2706344884254839,0.5201633944174135,0.7444444444444445,0.7666666666666667,0.788888888888889,1.3434912589916108,0.34200389827647737,0.0,0.0,81.70561325092207,0.0
3,0.5,65.02,25.5,0.0,-10.822164093333333,28.1603214,2.867852547777778,4.290034138888889,0.95013237,21.333333333333332,120.0,13.923846385610808,56.69994846008072,1.1050450157344676,0.38486838770710785,0.7444444444444445,0.7666666666666667,0.788888888888889,1.526445437549351,0.34164765318998547,0.0,0.0,124.90922815058818,0.0
4,0.6,65.02,25.5,0.2222222222222222,1.2345227255555546,25.262909042222223,12.353418004444444,5.7880567888888885,-2.537029741111111,21.333333333333332,120.0,-43.78700854488156,70.80521066434912,1.2744346945118172,0.4715992487748464,0.7444444444444445,0.7666666666666667,0.788888888888889,0.8254889346223521,0.4963969581400211,0.0,0.0,175.43995331406097,0.0
5,0.7,65.02,25.5,0.1111111111111111,-21.244176940000003,-17.145840522222223,37.026355073333335,-14.185627,-15.29591499888889,21.333333333333332,120.0,-71.49992940644597,-7.445378292723543,0.9057009156909418,0.8728003234755352,0.7444444444444445,0.7666666666666667,0.788888888888889,1.0343886924322558,0.23165861165044652,0.0,0.0,232.34933283538007,0.0
6,0.8,65.02,25.5,1.0,1.2131900777777778,153.00239849333332,-1.1891061177777777,11.30319974888889,-1.587040972222222,21.333333333333332,120.0,-82.06626590385667,96.03382981239123,1.4430137352282655,0.2522510189308265,0.7444444444444445,0.7666666666666667,0.788888888888889,1.656493797812635,0.291667288937548,0.0,0.0,294.75447735234286,0.0
7,0.9,65.02,25.5,1.0,-7.902363976666667,132.44823210777778,1.0295427744444445,11.892927332222222,-1.8093158944444445,21.333333333333332,120.0,-81.38638620043452,85.08191488855186,1.327531966267503,0.46717323610875294,0.7444444444444445,0.7666666666666667,0.788888888888889,1.2656797508736972,0.17689708107872507,18.605830540384165,3.291317113639357,361.8642551603903,0.004754623330815083
8,1.0,65.02,25.5,1.0,-12.063989738888889,120.25727300333334,2.318012245555556,12.131746703333333,-1.695272641111111,21.333333333333332,120.0,-82.18254557944344,79.20599206425781,1.2772558531002787,0.5537609452608924,0.7444444444444445,0.7666666666666667,0.788888888888889,1.0439009968533155,0.16113792163777252,12.8,2.062565396963488,432.9881027533349,0.002828313820574566
9,1.1,65.02,25.5,1.0,-13.966473057777778,111.85711215222221,3.164282438888889,12.274277556666668,-1.4979038044444444,21.333333333333332,120.0,-83.25938694266964,75.55501002189423,1.2586179826675972,0.5843523225697955,0.7444444444444445,0.7666666666666667,0.788888888888889,0.8976070971726843,0.19393797102664923,9.039130757524477,1.7530306789588759,507.5337463637673,0.0023041290765605103
10,1.2,65.02,25.5,1.0,-14.390744772222222,104.82284244777777,3.9043833066666664,12.350602941111113,-1.2199801866666666,21.333333333333332,120.0,-84.61245373398096,72.48374972745142,1.2662307210189923,0.5717567611399028,0.7444444444444445,0.7666666666666667,0.788888888888889,0.7812873944481123,0.2572263849611152,6.519876348390483,1.6770842234899606,584.9989025375396,0.0021288781225472387
11,1.3,65.02,25.5,1.0,-14.164293823333333,99.31992716666667,4.466103805555555,12.388487057777777,-0.83949566,21.333333333333332,120.0,-86.34594884924492,70.18955435170508,1.2921707021574254,0.5282703817264436,0.7444444444444445,0.7666666666666667,0.788888888888889,0.6931734733049139,0.32617045755958773,4.78544576393237,1.5608710344484118,664.9604311761684,0.0019249532318028984
12,1.4,65.02,25.5,1.0,-13.606505745555555,94.95665378333334,4.913705815555556,12.398273745555555,-0.5358282022222222,21.333333333333332,120.0,-87.69069370035194,68.4045581905092,1.3188504174235516,0.48229474072035117,0.7444444444444445,0.7666666666666667,0.788888888888889,0.6256687873783695,0.39351826558570163,3.5638829678469617,1.4024530442575591,747.0630449847885,0.0016882881346114724
13,1.5,65.02,25.5,1.0,-12.706969003333334,91.37657874777777,5.265196328888889,12.37231188,-0.19630648666666664,21.333333333333332,120.0,-29.158536093957625,66.95588884811177,1.47531626085392,0.18218501272919202,0.7444444444444445,0.7666666666666667,0.788888888888889,0.5732307705949223,0.4513881914990405,2.686944044011274,1.212854812685367,831.0087010213894,0.0014305871469877185
14,1.6,65.02,25.5,1.0,-11.663707205555555,88.52424333,5.5380859777777784,12.328703452222221,0.14036569111111113,21.333333333333332,120.0,29.420067006261988,65.82819242600303,1.5894390708077377,-0.04020690172783887,0.7444444444444445,0.7666666666666667,0.788888888888889,0.5352540086168445,0.4977871240286345,2.0471140419315574,1.0190270114917435,916.5471782160015,0.0011813193338441788
15,1.7,65.02,25.5,1.0,-10.401591855555557,85.73028714444445,5.840652162222223,12.30703754888889,0.48120356888888893,21.333333333333332,120.0,87.97872163562238,64.63082571025491,1.7047858358106198,-0.26463787304835545,0.7444444444444445,0.7666666666666667,0.788888888888889,0.5002549959439965,0.5417807809599289,1.5737535769073843,0.852629441935364,1003.4679847828595,0.0009738733852997708
16,1.8,65.02,25.5,1.0,-9.336003115555556,83.61537933666666,6.042709188888889,12.263302727777777,0.7232221966666667,21.333333333333332,120.0,86.97551985937633,63.774473964510285,1.67124337288677,-0.19894010398764395,0.7444444444444445,0.7666666666666667,0.788888888888889,0.4768378280932276,0.5718044762260285,1.2193263222069808,0.6972162490181723,1091.5935504535553,0.0007862529481974398
17,1.9,65.02,25.5,1.0,-8.327949765555555,82.18981275333334,6.135228496666667,12.217015817777778,0.9828955000000001,21.333333333333332,120.0,85.88836078084245,63.3430619230675,1.6365115398946704,-0.13013716783537962,0.7444444444444445,0.7666666666666667,0.788888888888889,0.46549563555599277,0.5867116727464268,0.9511694341860412,0.5580622097965645,1180.7735722200014,0.000622399633707295
18,2.0,65.02,25.5,1.0,-6.899279314444445,80.59237161555556,6.272347852222222,12.11513276888889,1.3490550444444445,21.333333333333332,120.0,84.374363175209,62.646244096728246,1.58706485927445,-0.032197516599375336,0.7444444444444445,0.7666666666666667,0.788888888888889,0.45826860275850073,0.5962656290291922,0.7464263932294462,0.44506840288294686,1270.8803535529096,0.0004916119745398254
19,2.1,65.02,25.5,1.0,-5.39753404888889,78.78302840222221,6.489911688888889,12.05732422888889,1.6676303399999999,21.333333333333332,120.0,83.06181384435844,61.73448025817392,1.5397462132837834,0.06195882559969249,0.7444444444444445,0.7666666666666667,0.788888888888889,0.4486251694658489,0.6090486410759757,0.5888435150266759,0.35863434263339783,1361.8049780872284,0.0003928031555988822
20,2.2,65.02,25.5,1.0,-4.322525461111111,77.28151502888889,6.653439415555556,12.001676413333334,1.8508055877777778,21.333333333333332,120.0,82.31363258676836,61.001303304375696,1.5090919577887079,0.12258505897511483,0.7444444444444445,0.7666666666666667,0.788888888888889,0.4411580028909674,0.6188994651110818,0.4666966787048671,0.2888383248195607,1453.454173481664,0.00031401009405381566
21,2.3,65.02,25.5,1.0,-3.647946142222222,76.33873859111111,6.710850807777778,11.961477195555554,1.9730934144444445,21.333333333333332,120.0,81.81580045090101,60.712698458931854,1.4892644922917053,0.16165501315167344,0.7444444444444445,0.7666666666666667,0.788888888888889,0.4386534387527053,0.6221597021402432,0.3714211809943927,0.23108329133604869,1545.7477407817914,0.00024957194690390183
22,2.4,65.02,25.5,1.0,-2.8550449322222224,75.82240610222223,6.6881927999999995,11.91411999,2.1496429722222223,21.333333333333332,120.0,81.04931516341247,60.702199611799266,1.4626520811037425,0.21219140820655363,0.7444444444444445,0.7666666666666667,0.788888888888889,0.44344835585753994,0.6158447308888518,0.29668912673442766,0.18271443541141205,1638.6164446495377,0.00019618113893346916
23,2.5,65.02,25.5,1.0,-1.671239482222222,75.27046854555556,6.667170692222222,11.804247643333333,2.425929262222222,21.333333333333332,120.0,79.86164086046348,60.55121337016536,1.422022547203278,0.2873769646330741,0.7444444444444445,0.7666666666666667,0.788888888888889,0.4543937261327009,0.6014477928349731,0.23777759601467807,0.143010810308634,1732.0002781866049,0.00015275112595801202
24,2.6,65.02,25.5,1.0,-0.22218359666666668,74.4539565711111,6.7255777666666665,11.70629913,2.745369027777778,21.333333333333332,120.0,78.53082364951602,60.139606981600224,1.3743302409748948,0.37623067299231183,0.7444444444444445,0.7666666666666667,0.788888888888889,0.46697089225052374,0.584861919839768,0.19112928651122246,0.11178424144655863,1825.8470319980022,0.00011884036890204367
25,2.7,65.02,25.5,1.0,1.210529421111111,73.39137840555556,6.846968148888888,11.609277133333332,3.0307169311111113,21.333333333333332,120.0,77.34763439503304,59.49912306329252,1.329415503784567,0.46046947742572847,0.7444444444444445,0.7666666666666667,0.788888888888889,0.4767796794489596,0.5719518196043529,0.15404273439835856,0.08810502223597122,1920.1111104982156,9.32733019632464e-05
26,2.8,65.02,25.5,1.0,2.374282182222222,72.28709744111111,6.992834675555556,11.541707814444443,3.233598654444444,21.333333333333332,120.0,76.52759380500305,58.819175720613856,1.2953536342747063,0.5217710765645841,0.7444444444444445,0.7666666666666667,0.788888888888889,0.4828354528238191,0.564113097262239,0.12445112550337296,0.07020450986547935,2014.7525494480044,7.404130261540136e-05
27,2.9,65.02,25.5,1.0,3.173995481111111,71.30322334555555,7.112276076666666,11.48974323,3.3506981688888886,21.333333333333332,120.0,76.06445035277687,58.25476338848458,1.2736520890910727,0.557688191235544,0.7444444444444445,0.7666666666666667,0.788888888888889,0.48592242009894565,0.5601623553188122,0.10076253365291131,0.05644337817890588,2109.736197633859,5.932409806307345e-05
28,3.0,65.02,25.5,1.0,3.6654930788888893,70.58324172666667,7.1851526111111115,11.472999748888888,3.4157954622222224,21.333333333333332,120.0,75.83466364243958,57.94307441333677,1.2611926050186026,0.5775870955665596,0.7444444444444445,0.7666666666666667,0.788888888888889,0.48783922336566793,0.5575966637378702,0.08174330595109718,0.04557979468123577,2205.031032796676,4.775703696217942e-05
29,3.1,65.02,25.5,1.0,4.027463505555556,70.13233642333334,7.18918929111111,11.436625687777777,3.4654947266666665,21.333333333333332,120.0,75.61394907177832,57.85285108663071,1.2510644827194553,0.593644565341495,0.7444444444444445,0.7666666666666667,0.788888888888889,0.4905354421713408,0.5540129355423602,0.06643211714434707,0.03680425223343368,2300.609587691062,3.845310263300584e-05
30,3.2,65.02,25.5,1.0,4.43045482,69.93226132333332,7.143501948888889,11.40225889,3.5334842255555556,21.333333333333332,120.0,75.27742831104064,57.94961688904808,1.2382331045039836,0.6116876242234563,0.7444444444444445,0.7666666666666667,0.788888888888889,0.4959311188416317,0.5471760349261152,0.05407606377288369,0.02958912615965824,2396.4474667818317,3.083482425822888e-05
31,3.3,65.02,25.5,1.0,4.986031329999999,69.88205817111111,7.073272732222222,11.366235087777778,3.6443849355555553,21.333333333333332,120.0,74.75501860258612,58.130340990137675,1.2195852830605485,0.6353689695286906,0.7444444444444445,0.7666666666666667,0.788888888888889,0.5048457617355349,0.5361613709676587,0.04408275772308132,0.02363547181684243,2492.522937786461,2.457226034896192e-05
32,3.4,65.02,25.5,1.0,5.742830762222223,69.84984823777778,6.996234403333333,11.30808339,3.799284748888889,21.333333333333332,120.0,74.03182169888642,58.275579670600024,1.1940208450100316,0.6664575114184932,0.7444444444444445,0.7666666666666667,0.788888888888889,0.5173581755742498,0.5208614096248725,0.03598414332112431,0.018742751614384254,2588.81658523714,1.944333733309067e-05
33,3.5,65.02,25.5,1.0,6.684309735555555,69.7139268011111,6.920997941111111,11.190261437777778,3.9891794666666667,21.333333333333332,120.0,73.12704718958636,58.279298535758926,1.1621351871404877,0.7054936404165202,0.7444444444444445,0.7666666666666667,0.788888888888889,0.532405696952639,0.5025642083197711,0.029408979494801743,0.014779900497297419,2685.3110156136254,1.5301770777570836e-05
34,3.6,65.02,25.5,1.0,7.731476643333333,69.49293501666666,6.896804137777778,11.115522691111112,4.207061181111111,21.333333333333332,120.0,72.18470644720135,58.198337258754044,1.1277627629984126,0.7479524911938065,0.7444444444444445,0.7666666666666667,0.788888888888889,0.5487735625144242,0.48270397769558687,0.02406177801781919,0.011614715959629558,2781.990605508406,1.2002720690371176e-05
35,3.7,65.02,25.5,1.0,8.835515194444445,69.11418481666666,6.893631906666666,11.005436493333333,4.422797721111111,21.333333333333332,120.0,71.21863912946722,57.955853578399875,1.0919782345170748,0.7921193888998106,0.7444444444444445,0.7666666666666667,0.788888888888889,0.5651647603559267,0.46291165036000476,0.01970658793213789,0.009122409142630504,2878.841285824066,9.411154038859523e-06
36,3.8,65.02,25.5,1.0,9.909528137777777,68.62819419666667,6.930747478888889,10.914027558888888,4.632120074444445,21.333333333333332,120.0,70.32791317587784,57.61831634248537,1.0579867001046392,0.833621338463974,0.7444444444444445,0.7666666666666667,0.788888888888889,0.580349038356307,0.4446958837378493,0.016154442936247706,0.007183814277827331,2975.8503562450087,7.399560185063848e-06
37,3.9,65.02,25.5,1.0,10.9068619,68.05348845888889,6.989784737777778,10.829335782222223,4.815203016666667,21.333333333333332,120.0,69.55121111267545,57.20229164725768,1.027281934744836,0.8689591778912079,0.7444444444444445,0.7666666666666667,0.788888888888889,0.5938409547699167,0.42874675694977804,0.013253595267547626,0.005682435988885971,3073.0063252316686,5.844572517756359e-06
38,4.0,65.02,25.5,1.0,11.788084095555556,67.41903281777778,7.061578483333333,10.745414783333334,4.96655628,21.333333333333332,120.0,68.90447182309612,56.73687321444601,1.0008234136030107,0.8968810975210134,0.7444444444444445,0.7666666666666667,0.788888888888889,0.6051502744712141,0.4156300165244096,0.010881882041201557,0.004522836812601279,3170.298771602413,4.645598883237318e-06
39,4.1,65.02,25.5,1.0,12.521757735555557,66.78387027555556,7.150661163333333,10.696724525555556,5.091941844444444,21.333333333333332,120.0,68.41930554881806,56.286746027795296,0.979697801968294,0.9169331837453567,0.7444444444444445,0.7666666666666667,0.788888888888889,0.6141307450040576,0.4054194208177486,0.008940732628280667,0.003624746643843895,3267.718224434128,3.7184510416110307e-06
40,4.2,65.02,25.5,1.0,13.117730764444444,66.15177891,7.227156647777779,10.63767102111111,5.182142527777778,21.333333333333332,120.0,68.05429935040709,55.84647096426272,0.9630129747283972,0.9310094373459089,0.7444444444444445,0.7666666666666667,0.788888888888889,0.6210647110625374,0.3976808065288668,0.007350445461560367,0.0029231310794997755,3365.256058556644,2.995184970944676e-06
41,4.3,65.02,25.5,1.0,13.575842830000001,65.57214112,7.300739404444444,10.599174883333333,5.248549565555556,21.333333333333332,120.0,67.8100579189868,55.46782332487596,0.9507727859913907,0.9403296499706152,0.7444444444444445,0.7666666666666667,0.788888888888889,0.6261379529348159,0.39207935883409545,0.006046451558611241,0.0023706888503217125,3462.904403362359,2.4264697761389295e-06
42,4.4,65.02,25.5,1.0,13.915366632222222,65.06974199888889,7.365615492222222,10.58299142,5.295981131111111,21.333333333333332,120.0,67.66299372753078,55.174888741084935,0.9422326065273923,0.9463179010251253,0.7444444444444445,0.7666666666666667,0.788888888888889,0.6297945045671386,0.3880490975272445,0.004976348469401785,0.0019310675325324472,3560.6560630195327,1.974485019196885e-06
43,4.5,65.02,25.5,1.0,14.166923081111111,64.64844220444444,7.411705188888888,10.568176827777778,5.326247866666667,21.333333333333332,120.0,67.57114938287697,54.95944587901235,0.9361499333310292,0.9503966127258325,0.7444444444444445,0.7666666666666667,0.788888888888889,0.6324905503648836,0.38506308475901946,0.004097538293442199,0.0015778107351910615,3658.5044464805783,1.6117429697913525e-06
44,4.6,65.02,25.5,1.0,14.358006583333333,64.31689531777778,7.437179538888889,10.553807468888888,5.345087392222222,21.333333333333332,120.0,67.50666599950718,54.826491819928926,0.9315781884709131,0.953205170124401,0.7444444444444445,0.7666666666666667,0.788888888888889,0.6346646974025975,0.38266868079502975,0.003375341184890416,0.0012916373584551482,3756.4435059275443,1.3182326193474137e-06
45,4.7,65.02,25.5,1.0,14.510715184444443,64.08705865,7.451329779999999,10.557643776666668,5.362634666666667,21.333333333333332,120.0,67.45723930622556,54.787131868082525,0.9279334674873794,0.9548224694899774,0.7444444444444445,0.7666666666666667,0.788888888888889,0.6366537798074289,0.380559592465991,0.0027814844983882953,0.0010585206071571209,3854.4676825051292,1.0794071941020336e-06
46,4.8,65.02,25.5,1.0,14.659195706666667,63.93061687444444,7.436240277777778,10.538349342222222,5.374002418888889,21.333333333333332,120.0,67.37906913308093,54.80141479375699,0.9238795760905923,0.9559043153046906,0.7444444444444445,0.7666666666666667,0.788888888888889,0.6388881198720804,0.3783287275565526,0.0022928897036335687,0.0008674660440032091,3952.571858365145,8.838835521595975e-07
47,4.9,65.02,25.5,1.0,14.815223343333335,63.85958624222222,7.4116432055555554,10.533522667777778,5.391153419999999,21.333333333333332,120.0,67.28006329128365,54.88716993592605,0.9193527655173432,0.9559052699010238,0.7444444444444445,0.7666666666666667,0.788888888888889,0.6415680405798638,0.3758356324576556,0.0018906960874630857,0.0007105909598169038,4050.751314191211,7.235010057591358e-07
48,5.0,65.02,25.5,1.0,15.000542700000002,63.84439690777778,7.365662255555555,10.511157653333335,5.411044556666667,21.333333333333332,120.0,67.13137168435898,55.00829209075193,0.913479687796023,0.9554229487130595,0.7444444444444445,0.7666666666666667,0.788888888888889,0.6449374562964778,0.3728443884903873,0.0015594733065960485,0.000581440871364886,4149.001691493931,5.915897798944957e-07
49,5.1,65.02,25.5,1.0,15.219496764444443,63.88603757111111,7.315573373333333,10.498149662222223,5.442876788888889,21.333333333333332,120.0,66.9430688065947,55.171749996203424,0.9063566467704268,0.9542176062418,0.7444444444444445,0.7666666666666667,0.788888888888889,0.6490479270667744,0.3693196133755233,0.0012865849731618214,0.0004751610648628819,4247.318959068917,4.83135483151855e-07
50,5.2,65.02,25.5,1.0,15.484935871111112,63.959231888888894,7.253641236666667,10.474183266666666,5.4812198655555555,21.333333333333332,120.0,66.70048478166825,55.34905255870683,0.8975108231817607,0.9525227125225124,0.7444444444444445,0.7666666666666667,0.788888888888889,0.6540616229552304,0.36510311831977105,0.0010616733378862983,0.00038762024629924747,4345.69938309597,3.938796775446681e-07
51,5.3,65.02,25.5,1.0,15.799680218888888,64.05019057555556,7.18293989888889,10.437355443333333,5.527167403333333,21.333333333333332,120.0,66.40280358318559,55.52684291398171,0.8868782703366168,0.9505148954856314,0.7444444444444445,0.7666666666666667,0.788888888888889,0.659982009256897,0.36017230156937835,0.0008762413009241904,0.000315597846084012,4444.139500430491,3.2050518946848246e-07
52,5.4,65.02,25.5,1.0,16.163598717777777,64.14703970222223,7.104640918888888,10.387160891111112,5.580753312222222,21.333333333333332,120.0,66.05430242071881,55.69558486704989,0.8745342326431227,0.9483735312579467,0.7444444444444445,0.7666666666666667,0.788888888888889,0.6667917948102633,0.3545302087901004,0.0007233128201195371,0.0002564362451375358,4542.636094699793,2.6027842859744046e-07
53,5.5,65.02,25.5,1.0,16.567712058888887,64.25290143222223,7.036666268888889,10.35061915,5.650184705555556,21.333333333333332,120.0,65.67395557916751,55.86607740201337,0.8609576319921612,0.94605601948151,0.7444444444444445,0.7666666666666667,0.788888888888889,0.6743224302134085,0.3483216183861623,0.0005971565992489735,0.00020800255308037942,4641.186174869272,2.1100755701314578e-07
54,5.6,65.02,25.5,1.0,17.01932431111111,64.33890816888889,6.960542782222222,10.290512564444445,5.720430265555556,21.333333333333332,120.0,65.24462429721527,56.00302495459869,0.8457338664821825,0.9436347326445979,0.7444444444444445,0.7666666666666667,0.788888888888889,0.6826496225531278,0.3414823754042221,0.0004930609524577426,0.00016837162526433814,4739.786955988076,1.7071857672429626e-07
55,5.7,65.02,25.5,1.0,17.502094134444445,64.41851576111111,6.895974716666667,10.24410929,5.805323296666667,21.333333333333332,120.0,64.79674568923605,56.129582833771344,0.8296608968308179,0.9412520637690065,0.7444444444444445,0.7666666666666667,0.788888888888889,0.6915175124415673,0.3342244117584594,0.0004071501305631335,0.00013607951288484326,4838.4358418618995,1.379108072337802e-07
56,5.8,65.02,25.5,1.0,18.018337962222223,64.46950995333333,6.832563945555555,10.181791695555555,5.893100644444445,21.333333333333332,120.0,64.3156601894446,56.21885511548525,0.8124499908730775,0.9389082330450039,0.7444444444444445,0.7666666666666667,0.788888888888889,0.7008752909928705,0.32660644864496824,0.0003362342950235471,0.00010981628901028525,4937.1304094331645,1.1124394806162543e-07
57,5.9,65.02,25.5,1.0,18.55774798888889,64.49962348555556,6.776837757777778,10.125085196666667,5.987811871111111,21.333333333333332,120.0,63.82353320973287,56.284436072984555,0.7946588208118058,0.9364228346452061,0.7444444444444445,0.7666666666666667,0.788888888888889,0.7106051225845952,0.31874989745012866,0.00027768684054242404,8.85126519461479e-05,5035.868394676848,8.96249181794742e-08
58,6.0,65.02,25.5,1.0,19.1154732,64.50427514444443,6.731988356666666,10.073541021111112,6.086226405555555,21.333333333333332,120.0,63.32359591402638,56.322730515701984,0.7764263866710344,0.9335465128442999,0.7444444444444445,0.7666666666666667,0.788888888888889,0.7205768004817261,0.310786429628644,0.00022934397862220502,7.127699627282316e-05,5134.647679844196,7.214324661477517e-08
59,6.1,65.02,25.5,1.0,19.68741681111111,64.47408449777778,6.687706033333333,10.007883626666667,6.184655286666667,21.333333333333332,120.0,62.8115200475957,56.32174830103756,0.7577433229069459,0.930640919710828,0.7444444444444445,0.7666666666666667,0.788888888888889,0.7306935985762402,0.3027998543515619,0.0001894224651922118,5.735709487111554e-05,5233.466281907397,5.803163659464277e-08
60,6.2,65.02,25.5,1.0,20.263765402222223,64.41740597111112,6.6543943,9.947049583333332,6.287806183333334,21.333333333333332,120.0,62.302867713528485,56.29542369398284,0.7390341022756507,0.9274906994845625,0.7444444444444445,0.7666666666666667,0.788888888888889,0.7407909722327255,0.29492571944020973,0.00015645213525331857,4.6141758547541976e-05,5332.322342076115,4.6667137768083095e-08
61,6.3,65.02,25.5,1.0,20.847907264444444,64.32115895777777,6.617103594444444,9.86533451,6.381022042222223,21.333333333333332,120.0,61.78704257902402,56.22376090202996,0.7200760918683855,0.9237558515332963,0.7444444444444445,0.7666666666666667,0.788888888888889,0.750919100620025,0.287174782207774,0.0001292205352336478,3.710887906249479e-05,5431.214116272363,3.751817353343523e-08
62,6.4,65.02,25.5,1.0,21.42069047111111,64.21090439777778,6.59712282111111,9.808836818888889,6.485780766666667,21.333333333333332,120.0,61.29742421249456,56.14569839625617,0.7017403435932011,0.919784821241412,0.7444444444444445,0.7666666666666667,0.788888888888889,0.760809826501308,0.2797085840130927,0.00010672745010779816,2.985258394498022e-05,5530.139966463621,3.017168966555074e-08
63,6.5,65.02,25.5,1.0,21.990312702222223,64.06677593888888,6.5807146633333335,9.740991406666668,6.581349497777778,21.333333333333332,120.0,60.8117449287187,56.030700453164414,0.6835347738144628,0.91499657467627,0.7444444444444445,0.7666666666666667,0.788888888888889,0.7705193089891699,0.2725615319606193,8.814753154550651e-05,2.402562623659027e-05,5629.0983527658145,2.4274644242688422e-08
64,6.6,65.02,25.5,1.0,22.549103605555555,63.89665967666666,6.570434841111112,9.670666036666667,6.673564535555555,21.333333333333332,120.0,60.33917429951037,55.89010118431118,0.6657239538376731,0.9096070882737894,0.7444444444444445,0.7666666666666667,0.788888888888889,0.7799468256346378,0.26574416592314026,7.279956464856383e-05,1.9346059587100324e-05,5728.0878262379665,1.9540575172467035e-08
65,6.7,65.02,25.5,1.0,23.091478483333333,63.70879164555556,6.5671957,9.610143712222222,6.76545942,21.333333333333332,120.0,59.89219057040965,55.73534784085451,0.6486341305712713,0.9037530030947857,0.7444444444444445,0.7666666666666667,0.788888888888889,0.7890576996922185,0.25932014550802385,6.012117949051552e-05,1.5590633013594502e-05,5827.10702229922,1.574276759899479e-08
66,6.8,65.02,25.5,1.0,23.610158103333333,63.50945622555556,6.57694325,9.565512353333334,6.865558915555556,21.333333333333332,120.0,59.473581844411406,55.57662727738145,0.6324087172736141,0.8978595189176348,0.7444444444444445,0.7666666666666667,0.788888888888889,0.7977035101381216,0.253309078854526,4.964803187404732e-05,1.2576297220955075e-05,5926.154654706727,1.269545161370565e-08
67,6.9,65.02,25.5,1.0,24.117754053333332,63.28127747222223,6.5832459666666665,9.504257527777778,6.947053627777779,21.333333333333332,120.0,59.06514223529981,55.38390863775736,0.6165705556175092,0.8909136068847123,0.7444444444444445,0.7666666666666667,0.788888888888889,0.8060806199068381,0.24766321709718364,4.0996655200006566e-05,1.0153363517057609e-05,6025.229510039702,1.0246806243609498e-08
68,7.0,65.02,25.5,1.0,24.60452206,63.03442814111112,6.585920076666667,9.432773235555555,7.024539076666667,21.333333333333332,120.0,58.67295002080267,55.17376541824644,0.6013492586786455,0.8840381148195776,0.7444444444444445,0.7666666666666667,0.788888888888889,0.8140567339325608,0.24235885765150528,3.385032989580338e-05,8.203927284673504e-06,6124.330442640929,8.277296800783132e-09
69,7.1,65.02,25.5,1.0,25.066794792222222,62.78154470222221,6.6019130455555555,9.38194972888889,7.101030374444445,21.333333333333332,120.0,58.31534785737304,54.962553064472495,0.587159846898898,0.8766445592992148,0.7444444444444445,0.7666666666666667,0.788888888888889,0.8215929906384124,0.23749635389015886,2.7947434737441923e-05,6.637413850725625e-06,6223.456369972265,6.695120516190886e-09
70,7.2,65.02,25.5,1.0,25.501985932222222,62.52132451222222,6.626980756666667,9.33794904888889,7.181143876666667,21.333333333333332,120.0,57.9821423667459,54.74782438436918,0.573843767995435,0.869481366159702,0.7444444444444445,0.7666666666666667,0.788888888888889,0.8286092797410095,0.23302570896565206,2.3071840652394308e-05,5.376332025166735e-06,6322.606268345321,5.421790672276049e-09
71,7.3,65.02,25.5,1.0,25.920016574444446,62.24424365222222,6.642320522222223,9.280376485555555,7.244063209999999,21.333333333333332,120.0,57.66512036091813,54.514302125039144,0.5611231376868838,0.8619022450620545,0.7444444444444445,0.7666666666666667,0.788888888888889,0.8353352842884599,0.22885312941744493,1.9044986266987722e-05,4.3585047069124025e-06,6421.779168992578,4.39435863679536e-09
72,7.4,65.02,25.5,1.0,26.30909606777778,61.96801796444444,6.670523288888889,9.240475123333333,7.312316393333333,21.333333333333332,120.0,57.37917606620499,54.28734507547548,0.5494321794522129,0.8545779452897255,0.7444444444444445,0.7666666666666667,0.788888888888889,0.8415436833480017,0.22505927430245368,1.5719338837934435e-05,3.5377829913798994e-06,6520.974154447834,3.5661073630511343e-09
73,7.5,65.02,25.5,1.0,26.67673546,61.683432795555554,6.69352637,9.194546883333333,7.371281006666667,21.333333333333332,120.0,57.11173723960311,54.0532327297699,0.5384356875390792,0.847356703976875,0.7444444444444445,0.7666666666666667,0.788888888888889,0.8473920661490373,0.22155184497186473,1.2972996933007474e-05,2.8741914053221487e-06,6620.190355208022,2.8965957057284536e-09
74,7.6,65.02,25.5,1.0,27.020602722222222,61.395571947777775,6.718431032222223,9.14966034,7.426183682222223,21.333333333333332,120.0,56.865462825088365,53.817217393811625,0.5282135352293271,0.840391524731654,0.7444444444444445,0.7666666666666667,0.788888888888889,0.8528237557068743,0.21834711725306932,1.0705234447756212e-05,2.3374570811858226e-06,6719.4269466513515,2.3552030046247193e-09
75,7.7,65.02,25.5,1.0,27.33432586777778,61.11809862444444,6.760077272222222,9.131937523333333,7.491159337777778,21.333333333333332,120.0,56.653119017907834,53.59938039981584,0.5190931256676907,0.8339194840780415,0.7444444444444445,0.7666666666666667,0.788888888888889,0.8577443684784594,0.215470821800912,8.83282100594765e-06,1.9032152009718987e-06,6818.683146189139,1.9172928721807122e-09
76,7.8,65.02,25.5,1.0,27.632504216666668,60.83000772666667,6.785709228888888,9.091268424444443,7.537582882222223,21.333333333333332,120.0,56.44747607964182,53.3675554627553,0.5103611225928796,0.827510074480737,0.7444444444444445,0.7666666666666667,0.788888888888889,0.8624184982855083,0.21277952674961403,7.286982907143731e-06,1.5505207744145699e-06,6917.958210631035,1.5616984983697495e-09
77,7.9,65.02,25.5,1.0,27.90956445111111,60.543486131111116,6.812891581111111,9.05299052888889,7.578158613333333,21.333333333333332,120.0,56.26175413304217,53.137523502736634,0.5023430138772164,0.8213158399067046,0.7444444444444445,0.7666666666666667,0.788888888888889,0.8667404704214015,0.21033747414290824,6.0108927079036235e-06,1.2643159895244741e-06,7017.251433745272,1.273201973940267e-09
78,8.0,65.02,25.5,1.0,28.16471044777778,60.26142420444444,6.838181592222223,9.016748095555556,7.616741293333334,21.333333333333332,120.0,56.09412625541526,52.91569622400703,0.494989200705205,0.8156150292479117,0.7444444444444445,0.7666666666666667,0.788888888888889,0.8707197384148757,0.2080940988061222,4.95759519260398e-06,1.0316463038504892e-06,7116.5621439973465,1.0387174955019007e-09
79,8.1,65.02,25.5,1.0,28.39783464111111,59.98765228777778,6.869716225555555,8.991040772222222,7.655807047777778,21.333333333333332,120.0,55.94767058860319,52.70459662630151,0.48837894425143397,0.810320892519237,0.7444444444444445,0.7666666666666667,0.788888888888889,0.8743354899441897,0.20607942424879408,4.088293671978498e-06,8.425132060813171e-07,7215.889702452177,8.481467893017882e-10
80,8.2,65.02,25.5,1.0,28.61153007222222,59.72038152111111,6.899922353333333,8.96753362111111,7.692127777777778,21.333333333333332,120.0,55.81752193814884,52.502363537549314,0.48236055571457837,0.8054408373766538,0.7444444444444445,0.7666666666666667,0.788888888888889,0.8776502562025881,0.20423976183919587,3.3709338680080775e-06,6.884787303776491e-07,7315.2335008261325,6.929711035680476e-10
81,8.3,65.02,25.5,1.0,28.809652771111114,59.45665814666667,6.925057567777778,8.937862537777779,7.719672624444444,21.333333333333332,120.0,55.697399779900756,52.30215863066035,0.47678605457451184,0.8008017320824226,0.7444444444444445,0.7666666666666667,0.788888888888889,0.8807216067637609,0.20255272055280982,2.7790336144619952e-06,5.629008191169857e-07,7414.592959676646,5.664860936812752e-10
82,8.4,65.02,25.5,1.0,28.986225954444446,59.208640593333335,6.95901289,8.927517347777778,7.754423786666667,21.333333333333332,120.0,55.60031866131269,52.123853354588654,0.4719564314311092,0.7967430675049194,0.7444444444444445,0.7666666666666667,0.788888888888889,0.8834579316075455,0.20105291852152837,2.290715642047493e-06,4.6055506533656513e-07,7513.967526718226,4.634192581186069e-10
83,8.5,65.02,25.5,1.0,29.148759776666665,58.96622161,6.9871305588888895,8.91002757,7.782443903333334,21.333333333333332,120.0,55.51070758384814,51.94959167093497,0.46747631202445306,0.7929668910003244,0.7444444444444445,0.7666666666666667,0.788888888888889,0.885977192289745,0.19967013792625016,1.887908168910747e-06,3.7695888447850324e-07,7613.356675254753,3.7924852226282756e-10
84,8.6,65.02,25.5,1.0,29.299139364444443,58.72981452333334,7.010077137777778,8.886413102222223,7.801708214444444,21.333333333333332,120.0,55.42867158938892,51.77845979149263,0.463343821277724,0.7893720674351655,0.7444444444444445,0.7666666666666667,0.788888888888889,0.8883120903182097,0.19840643253621756,1.5556841625239466e-06,3.086577448394695e-07,7712.759902718791,3.104893052236083e-10
85,8.7,65.02,25.5,1.0,29.432833197777782,58.50803078444445,7.035804951111111,8.872447564444444,7.82596885111111,21.333333333333332,120.0,55.35948378066,51.6261958740989,0.4596871046099253,0.7862729335705849,0.7444444444444445,0.7666666666666667,0.788888888888889,0.8903933264001851,0.19726066762768188,1.281715208697827e-06,2.5283199777628697e-07,7812.1767293095345,2.5429809839413845e-10
86,8.8,65.02,25.5,1.0,29.554598667777775,58.29670550222222,7.061027997777778,8.861352657777779,7.846154313333334,21.333333333333332,120.0,55.30140988258987,51.48421662162289,0.45643570415900686,0.783396091084961,0.7444444444444445,0.7666666666666667,0.788888888888889,0.8922968445240096,0.1962364089664074,1.0558201072175245e-06,2.0719034635489426e-07,7911.6066967217275,2.0836471030625546e-10
87,8.9,65.02,25.5,1.0,29.66434069555556,58.09715805,7.0838757,8.851777246666666,7.865749173333334,21.333333333333332,120.0,55.2511149785537,51.355233957998294,0.45350611033706617,0.7808302594383556,0.7444444444444445,0.7666666666666667,0.788888888888889,0.8940258966983224,0.1952972497694636,8.695917672682562e-07,1.698288805696579e-07,8011.049366958559,1.7077002748619975e-10
88,9.0,65.02,25.5,1.0,29.76831736888889,57.90200163,7.0959602311111105,8.82788386888889,7.8716860933333335,21.333333333333332,120.0,55.20109834188441,51.225014017644725,0.4506996326944884,0.7782375899061384,0.7444444444444445,0.7666666666666667,0.788888888888889,0.8956785457352441,0.19442654728172545,7.160888275693027e-07,1.3922667829131838e-07,8110.504321222158,1.3998123134634844e-10
89,9.1,65.02,25.5,1.0,29.858030697777778,57.725644450000004,7.11687683,8.821144332222223,7.888252108888889,21.333333333333332,120.0,55.16430677603848,51.11733299917968,0.4483505378977004,0.7761332956014997,0.7444444444444445,0.7666666666666667,0.788888888888889,0.8971059295160728,0.19365955575559132,5.895807814447783e-07,1.1417795221663015e-07,8209.971158875833,1.1478326157772996e-10
90,9.2,65.02,25.5,1.0,29.937355126666667,57.56429213555556,7.141483831111111,8.824723332222222,7.908198872222223,21.333333333333332,120.0,55.13659439781267,51.027157589046816,0.44633960046366306,0.7742867370116385,0.7444444444444445,0.7666666666666667,0.788888888888889,0.8983786061137266,0.1929863139332869,4.853373327682676e-07,9.366346286516103e-08,8309.449496472746,9.414930731034476e-11
91,9.3,65.02,25.5,1.0,30.013060773333336,57.408169307777776,7.154028801111112,8.813220692222224,7.916584601111111,21.333333333333332,120.0,55.10651233596266,50.93735397090541,0.44435696685467313,0.7723909036359793,0.7444444444444445,0.7666666666666667,0.788888888888889,0.899612412585895,0.19234706807163832,3.9945431636420085e-07,7.683386658121469e-08,8408.938966846092,7.722391044384647e-11
92,9.4,65.02,25.5,1.0,30.082156762222226,57.26358942555555,7.165364442222223,8.803404644444445,7.923275083333333,21.333333333333332,120.0,55.08120432171025,50.85846261271453,0.4425805725553562,0.7706127123700655,0.7444444444444445,0.7666666666666667,0.788888888888889,0.9007519517099397,0.1917749763868446,3.287098449916079e-07,6.303832276138896e-08,8508.43921825631,6.335157833880277e-11
93,9.5,65.02,25.5,1.0,30.14533879777778,57.13058161222222,7.1757085866666666,8.794496186666667,7.929209841111111,21.333333333333332,120.0,55.05920611860899,50.78844029837102,0.4409742488031789,0.7689433086969842,0.7444444444444445,0.7666666666666667,0.788888888888889,0.9018038889992468,0.19125993900760452,2.704454430893744e-07,5.172537895015832e-08,8607.949913591237,5.19770474312679e-11
94,9.6,65.02,25.5,1.0,30.20307223111111,57.00912215555555,7.183970914444444,8.78676447111111,7.93495318,21.333333333333332,120.0,55.039207957791604,50.7305231635891,0.43949562556069144,0.7673429103681196,0.7444444444444445,0.7666666666666667,0.788888888888889,0.9027814651986247,0.1907924970276939,2.2246783512693092e-07,4.244519377221247e-08,8707.470729615365,4.264743989468662e-11
95,9.7,65.02,25.5,1.0,30.254478948888888,56.901751411111114,7.196277865555555,8.78848658,7.944996872222223,21.333333333333332,120.0,55.02565018801621,50.687840323699874,0.4382437171759093,0.7658912510658207,0.7444444444444445,0.7666666666666667,0.788888888888889,0.9036632371507933,0.19039177541898447,1.829678067693714e-07,3.483556557533831e-08,8807.001356264773,3.4998155889935455e-11
96,9.8,65.02,25.5,1.0,30.30805559444444,56.795706117777776,7.191444503333334,8.766993642222223,7.937881953333333,21.333333333333332,120.0,55.002662582234215,50.63930329962412,0.4368110046461701,0.7641021025933672,0.7444444444444445,0.7666666666666667,0.788888888888889,0.9046008393981142,0.1899934680224497,1.5045317744483307e-07,2.858512095774084e-08,8906.541495984515,2.8715835420100623e-11
97,9.9,65.02,25.5,1.0,30.350404806666663,56.71287669111111,7.206116595555555,8.778323617777778,7.9531277977777775,21.333333333333332,120.0,54.994644715318955,50.62034325046258,0.435822147738122,0.7627808168620496,0.7444444444444445,0.7666666666666667,0.788888888888889,0.9053501157929459,0.1896867149080969,1.2369343584714974e-07,2.3463001501541268e-08,9006.090863105504,2.3568141703416197e-11
98,10.0,65.02,25.5,1.0,30.39428685333333,56.633853136666666,7.209074092222222,8.774601966666667,7.956481987777778,21.333333333333332,120.0,54.98113149443749,50.598632059007386,0.4347335426210509,0.7612076733989256,0.7444444444444445,0.7666666666666667,0.788888888888889,0.9061404417611344,0.1893927807591249,1.0167401404470812e-07,1.925632425086959e-08,9105.64918325823,1.9340900475789368e-11
99,10.1,65.02,25.5,1.0,30.439863876666664,56.55834805666667,7.200145637777778,8.755667775555557,7.948303826666666,21.333333333333332,120.0,54.96019999692837,50.5769001379968,0.433498623107168,0.7593236540443395,0.7444444444444445,0.7666666666666667,0.788888888888889,0.906974217743813,0.18910821628148214,8.355852658520712e-08,1.5801603917637323e-08,9205.21619282072,1.5869641996392852e-11
100,10.2,65.02,25.5,1.0,30.47624439777778,56.504429531111114,7.211095293333333,8.769582705555557,7.962128414444444,21.333333333333332,120.0,54.95347220538711,50.582934203909105,0.432662570472653,0.7578222519308625,0.7444444444444445,0.7666666666666667,0.788888888888889,0.9076513228811209,0.1889091632787181,6.865759100060345e-08,1.2970048068656443e-08,9304.791638398516,1.3024806755619272e-11
101,10.3,65.02,25.5,1.0,30.51523210888889,56.453526232222224,7.210100252222222,8.767852475555555,7.965098285555555,21.333333333333332,120.0,54.938557236371395,50.58635405097762,0.4316553604298177,0.7560052949494823,0.7444444444444445,0.7666666666666667,0.788888888888889,0.9083855822430935,0.1887099237133871,5.6403085935654044e-08,1.0643822044116891e-08,9404.375276334475,1.0687893011227183e-11
102,10.4,65.02,25.5,1.0,30.55166191111111,56.41414105444445,7.213119603333333,8.774888347777779,7.973377063333334,21.333333333333332,120.0,54.927309364830336,50.60173322904654,0.4307609795860751,0.7542113688299051,0.7444444444444445,0.7666666666666667,0.788888888888889,0.9090825624182565,0.18855211732870833,4.632690143371806e-08,8.735035354605916e-09,9503.966872246436,8.770512163728711e-12
103,10.5,65.02,25.5,1.0,30.59326233666667,56.37390420777778,7.199352758888889,8.758328319999999,7.964718883333333,21.333333333333332,120.0,54.90408259158417,50.609798613920965,0.4295871708793803,0.7519333582764116,0.7444444444444445,0.7666666666666667,0.788888888888889,0.9098801463820146,0.18838303947695945,3.804339989627289e-08,7.16673130449733e-09,9603.566200590956,7.195287854561609e-12
104,10.6,65.02,25.5,1.0,30.62928141888889,56.35045670333333,7.200056124444444,8.766277413333334,7.973051454444445,21.333333333333332,120.0,54.890610182616555,50.6382692983142,0.4286772404523053,0.7498893735072979,0.7444444444444445,0.7666666666666667,0.788888888888889,0.910584011871052,0.18827333987932582,3.123494182596204e-08,5.880706818510321e-09,9703.173044251354,5.9036999009981714e-12
105,10.7,65.02,25.5,1.0,30.66918688333333,56.32852091222222,7.189088648888888,8.758662142222223,7.970189012222223,21.333333333333332,120.0,54.86872202576472,50.66329724789473,0.4275686754645779,0.7474714030150723,0.7444444444444445,0.7666666666666667,0.788888888888889,0.9113649105070133,0.18816078838567318,2.5639942577132964e-08,4.824431809476727e-09,9802.787194148561,4.842944679473082e-12
106,10.8,65.02,25.5,1.0,30.70774688888889,56.31670913777778,7.181935647777777,8.759430881111111,7.973363487777778,21.333333333333332,120.0,54.84940181456275,50.698005838235986,0.42653351226425085,0.745056593776688,0.7444444444444445,0.7666666666666667,0.788888888888889,0.9121286483361004,0.188077619664703,2.1043019033591846e-08,3.9577209303969926e-09,9902.408448873297,3.972628542800428e-12
107,10.9,65.02,25.5,1.0,30.75042269444445,56.30547892777778,7.163908181111111,8.743943467777777,7.965571517777779,21.333333333333332,120.0,54.82041548801391,50.72986755632522,0.4252694720100758,0.7422402360164808,0.7444444444444445,0.7666666666666667,0.788888888888889,0.9129681829017738,0.18799069738711993,1.726686176926708e-08,3.246009385691518e-09,10002.036614338213,3.2580132781245964e-12
108,11.0,65.02,25.5,1.0,30.790759835555555,56.306204047777776,7.15556271,8.745148673333333,7.968468938888888,21.333333333333332,120.0,54.796517713536076,50.77561726159368,0.424137192509967,0.7394426484357385,0.7444444444444445,0.7666666666666667,0.788888888888889,0.9137698664772961,0.18794806080500026,1.4165531601510666e-08,2.662384194775879e-09,10101.671503448777,2.6720519391130374e-12
109,11.1,65.02,25.5,1.0,30.83396380111111,56.310350927777776,7.140098437777777,8.738946145555555,7.966258079999999,21.333333333333332,120.0,54.7681619574034,50.82019647409598,0.42289213543879023,0.7364187485334343,0.7444444444444445,0.7666666666666667,0.788888888888889,0.9146328935677815,0.1879055524072311,1.1618931816632224e-08,2.1832618013862318e-09,10201.312935791711,2.191047789791354e-12
110,11.2,65.02,25.5,1.0,30.878439114444443,56.31941828222222,7.125375283333333,8.732244463333334,7.9636965955555565,21.333333333333332,120.0,54.735891354556735,50.87062985013524,0.4215591619214402,0.733137901556185,0.7444444444444445,0.7666666666666667,0.788888888888889,0.9155142415705106,0.18788407377757746,9.528250633523867e-09,1.7902065450002475e-09,10300.960737339918,1.7964775147750345e-12
111,11.3,65.02,25.5,1.0,30.922439067777777,56.33714156888889,7.113403797777778,8.73404065111111,7.968011361111111,21.333333333333332,120.0,54.70709520163777,50.928445483962754,0.4203003136897329,0.7299197189017135,0.7444444444444445,0.7666666666666667,0.788888888888889,0.9163987065345973,0.18787809252097265,7.812204246023108e-09,1.4677420321270648e-09,10400.614740172861,1.4727929907855615e-12
112,11.4,65.02,25.5,1.0,30.966369167777778,56.36219908222222,7.10650872,8.743706732222222,7.977889122222223,21.333333333333332,120.0,54.67879489588045,50.994679715142745,0.41905429221715695,0.726604974694304,0.7444444444444445,0.7666666666666667,0.788888888888889,0.9172824549651047,0.18789798906195265,6.403940348385423e-09,1.2032875135343214e-09,10500.274782211516,1.2073561949494463e-12
113,11.5,65.02,25.5,1.0,31.01475992555556,56.38631033555556,7.088486892222223,8.736359455555556,7.978138963333333,21.333333333333332,120.0,54.64152171700627,51.05680449113578,0.4175738454715544,0.7229525054696173,0.7444444444444445,0.7666666666666667,0.788888888888889,0.9182473572994518,0.18789931900540857,5.2484864765266305e-09,9.861870347484502e-10,10599.940706966963,9.89463988086275e-13
114,11.6,65.02,25.5,1.0,31.068434885555558,56.40931683555556,7.05887821,8.713893384444445,7.966613637777779,21.333333333333332,120.0,54.595763830346904,51.11195542901945,0.4158795195530339,0.7189082760844366,0.7444444444444445,0.7666666666666667,0.788888888888889,0.9193149973966549,0.18789287891148754,4.30064768025613e-09,8.080610738273348e-10,10699.612363301836,8.107001213058046e-13
115,11.7,65.02,25.5,1.0,31.12077649777778,56.44165284111111,7.039489270000001,8.707656861111111,7.966020685555557,21.333333333333332,120.0,54.55381333285348,51.17877970850273,0.41427598811797506,0.7148618992680498,0.7444444444444445,0.7666666666666667,0.788888888888889,0.9203600347085915,0.18792047293112943,3.5232747144145708e-09,6.620954505990762e-10,10799.289605203861,6.642210426053832e-13
116,11.8,65.02,25.5,1.0,31.17170361222222,56.48301985444445,7.02990669,8.717211283333334,7.977127295555555,21.333333333333332,120.0,54.5165265440252,51.256688864542625,0.4127784773027488,0.7108887602053995,0.7444444444444445,0.7666666666666667,0.788888888888889,0.9213830550061939,0.18797625178503324,2.8858377082631e-09,5.424689556592077e-10,10898.972291570795,5.441811522630093e-13
117,11.9,65.02,25.5,1.0,31.227418525555557,56.52272107444444,7.008441794444445,8.710546558888888,7.978322405555556,21.333333333333332,120.0,54.47106451486214,51.32841777844487,0.4110667147370257,0.7066229841309577,0.7444444444444445,0.7666666666666667,0.788888888888889,0.9224986838318208,0.1880116661675714,2.3632516459696863e-09,4.4431887953201636e-10,10998.660286006063,4.456978502235493e-13
118,12.0,65.02,25.5,1.0,31.287046113333336,56.56241394888889,6.9828376344444445,8.696045606666665,7.97246881,21.333333333333332,120.0,54.41830448638034,51.39785198733685,0.4091736148043123,0.7019526252681195,0.7444444444444445,0.7666666666666667,0.788888888888889,0.9236814433276047,0.1880531172378571,1.9349093828200014e-09,3.6386574101207937e-10,11098.353456624527,3.6497630610310816e-13
119,12.1,65.02,25.5,1.0,31.345137144444443,56.610872656666665,6.965415444444444,8.697574562222222,7.979492446666667,21.333333333333332,120.0,54.37183192500587,51.47767368638377,0.4074150752400314,0.6974709901354138,0.7444444444444445,0.7666666666666667,0.788888888888889,0.9248476378010193,0.18811109838951826,1.583885676019316e-09,2.979464742394182e-10,11198.05167586776,2.988408988265693e-13
120,12.2,65.02,25.5,1.0,31.403117896666668,56.66429982111111,6.953837263333333,8.705131715555556,7.99372854,21.333333333333332,120.0,54.32580701466717,51.565016033196,0.40565084603273827,0.692965491588128,0.7444444444444445,0.7666666666666667,0.788888888888889,0.9260075461219621,0.18817858941164123,1.2962821102078315e-09,2.439325389784554e-10,11297.754820328331,2.44652877939579e-13
121,12.3,65.02,25.5,1.0,31.46836110444444,56.71227659555556,6.926356727777778,8.690220022222222,7.989235236666667,21.333333333333332,120.0,54.26692901150535,51.63961938328643,0.4035743468505928,0.6879088204598252,0.7444444444444445,0.7666666666666667,0.788888888888889,0.927303454880668,0.18823007810735337,1.0606880813446236e-09,1.9965340039903728e-10,11397.46277058255,2.0023344805068312e-13
122,12.4,65.02,25.5,1.0,31.53525449777778,56.76266440888889,6.898177466666667,8.674726388888889,7.985868228888888,21.333333333333332,120.0,54.20637706823435,51.715714499976784,0.40144605350540796,0.6827840070179456,0.7444444444444445,0.7666666666666667,0.788888888888889,0.9286328727101864,0.1882813419759557,8.677373629012543e-10,1.6337875516972505e-10,11497.175411031238,1.63845801003302e-13
123,12.5,65.02,25.5,1.0,31.601020704444448,56.82055581666666,6.878985968888888,8.675562325555555,7.994291713333333,21.333333333333332,120.0,54.151305165584006,51.80133691904152,0.39943430422075704,0.6777784634629478,0.7444444444444445,0.7666666666666667,0.788888888888889,0.9299507967301831,0.18835106332560317,7.097433760894897e-10,1.3368091957475884e-10,11596.892629748065,1.340569877238019e-13
124,12.6,65.02,25.5,1.0,31.671631678888886,56.874872294444444,6.85037741,8.659707855555556,7.991453061111112,21.333333333333332,120.0,54.08661536634432,51.88025708893859,0.3971885259627883,0.6724172962056968,0.7444444444444445,0.7666666666666667,0.788888888888889,0.9313526059281766,0.18840759001770463,5.803992539799862e-10,1.0935162469044285e-10,11696.614318335021,1.0965439336184761e-13
125,12.7,65.02,25.5,1.0,31.739873513333333,56.93844491888889,6.836829768888888,8.667908057777778,8.005330726666667,21.333333333333332,120.0,54.02989434284598,51.97173250409778,0.39512278062365763,0.6672345471495258,0.7444444444444445,0.7666666666666667,0.788888888888889,0.9327175792745995,0.18849470532443693,4.745312376308892e-10,8.944662580447484e-11,11796.340371784678,8.969040279481082e-14
126,12.8,65.02,25.5,1.0,31.810656113333337,57.00135921222222,6.817334445555556,8.666094123333332,8.016632515555555,21.333333333333332,120.0,53.96808680501644,52.06123091460628,0.3929136621962943,0.6619431711170942,0.7444444444444445,0.7666666666666667,0.788888888888889,0.9341296885819074,0.18855805384265378,3.8789596144488613e-10,7.314090758347279e-11,11896.070688348807,7.333714679150102e-14
127,12.9,65.02,25.5,1.0,31.886673066666667,57.06041305444444,6.7875739811111115,8.649442575555556,8.015063616666668,21.333333333333332,120.0,53.89781424836479,52.14214554437532,0.3905101396836999,0.6563179285250785,0.7444444444444445,0.7666666666666667,0.788888888888889,0.9356402638951806,0.1886144696046656,3.1701384984741714e-10,5.979339914630368e-11,11995.805169413086,5.995135225329633e-14
128,13.0,65.02,25.5,1.0,31.966138631111114,57.11829712555555,6.752539015555556,8.62517249,8.007266536666668,21.333333333333332,120.0,53.821911441067904,52.21909948547289,0.387974911213294,0.6504672740326518,0.7444444444444445,0.7666666666666667,0.788888888888889,0.9372168138394105,0.18866311333284297,2.5903221992660555e-10,4.886982506487108e-11,12095.543719377516,4.899694603503489e-14
129,13.1,65.02,25.5,1.0,32.044077036666664,57.18240768444444,6.726882623333334,8.616052054444445,8.012408542222223,21.333333333333332,120.0,53.751591191793125,52.30503877154377,0.38556702943250154,0.6448406389474043,0.7444444444444445,0.7666666666666667,0.788888888888889,0.9387713874518114,0.18872413741796634,2.1161281602068854e-10,3.993644617009125e-11,12195.286245542271,4.003875155927929e-14
130,13.2,65.02,25.5,1.0,32.122443413333336,57.25002055444444,6.70578619,8.615268866666666,8.023042188888889,21.333333333333332,120.0,53.68314268140759,52.39507124239273,0.38320616607412167,0.6392502178171189,0.7444444444444445,0.7666666666666667,0.788888888888889,0.9403401704517351,0.18879307838280113,1.7283943459718213e-10,3.263088892354484e-11,12295.032657998681,3.271321949032063e-14
131,13.3,65.02,25.5,1.0,32.20357279666667,57.315978924444444,6.679573157777778,8.605478535555555,8.029216066666667,21.333333333333332,120.0,53.60970610205899,52.48184079081292,0.3807405612514365,0.6335806021156978,0.7444444444444445,0.7666666666666667,0.788888888888889,0.9419593837786839,0.18885017082484135,1.41142065995805e-10,2.6654703273878803e-11,12394.782869525108,2.6720949145766407e-14
132,13.4,65.02,25.5,1.0,32.28673900333334,57.38207038888889,6.656359346666666,8.5947632,8.03378232,21.333333333333332,120.0,53.5319364333386,52.56820438639852,0.37820729326554087,0.6277211072964082,0.7444444444444445,0.7666666666666667,0.788888888888889,0.9436055941412644,0.18891204326917319,1.1523461247852715e-10,2.1769206098649922e-11,12494.536795487418,2.1822506349092555e-14
133,13.5,65.02,25.5,1.0,32.37117887,57.44929112666667,6.630211918888889,8.584560416666667,8.039995307777778,21.333333333333332,120.0,53.45483357517517,52.65461354745341,0.37571481725128986,0.6220427544134959,0.7444444444444445,0.7666666666666667,0.788888888888889,0.9452899583252936,0.1889665666886642,9.406376329454801e-11,1.777490639958593e-11,12594.29435374386,1.781778532265719e-14
134,13.6,65.02,25.5,1.0,32.45587724777778,57.51900208111111,6.6102555700000005,8.581753828888887,8.05143478111111,21.333333333333332,120.0,53.37889029250675,52.74486505734007,0.37330558314413476,0.6164934106204449,0.7444444444444445,0.7666666666666667,0.788888888888889,0.9469779465674937,0.18903330288533768,7.676703672509262e-11,1.4511526504864275e-11,12694.0554645541,1.4546020780012097e-14
135,13.7,65.02,25.5,1.0,32.54352202888889,57.58716094444445,6.583701955555556,8.571652147777778,8.057381541111111,21.333333333333332,120.0,53.29895478744839,52.83057958161382,0.3708754660829369,0.6109725561369309,0.7444444444444445,0.7666666666666667,0.788888888888889,0.9487288232332944,0.18908445356487474,6.263835249398259e-11,1.1843938653528707e-11,12793.820050492199,1.1871682983798132e-14
136,13.8,65.02,25.5,1.0,32.62938184555556,57.66046521111111,6.567709387777778,8.575418316666665,8.07678601,21.333333333333332,120.0,53.22356112557307,52.92496178959129,0.3686524739266386,0.6058621092009366,0.7444444444444445,0.7666666666666667,0.788888888888889,0.9504469681982174,0.1891395319743311,5.10997888558939e-11,9.664990148190913e-12,12893.58803636335,9.687303756326946e-15
137,13.9,65.02,25.5,1.0,32.72234864111111,57.723940761111116,6.533538988888889,8.54749549,8.071829417777778,21.333333333333332,120.0,53.13255527167199,53.00266552070569,0.36632793678409536,0.6007786471490721,0.7444444444444445,0.7666666666666667,0.788888888888889,0.9522850854843653,0.18917635461793636,4.167841810878823e-11,7.884571204062743e-12,12993.35934912417,7.902513673250277e-15
138,14.0,65.02,25.5,1.0,32.81430614666667,57.79261061333333,6.507837275555556,8.53683193,8.077484825555555,21.333333333333332,120.0,53.04800075812213,53.08700741646472,0.3643194603051495,0.5961910969516127,0.7444444444444445,0.7666666666666667,0.788888888888889,0.9541192066383142,0.1892244436015792,3.398731129449486e-11,6.431230069214459e-12,13093.133917806404,6.4456571586202496e-15
139,14.1,65.02,25.5,1.0,32.90709815555555,57.86183954444444,6.480315158888889,8.525586203333335,8.085208918888888,21.333333333333332,120.0,52.96321619411867,53.17172952059723,0.36256124422461905,0.5922194020070175,0.7444444444444445,0.7666666666666667,0.788888888888889,0.9559773526688916,0.1892598375081709,2.7709964933859223e-11,5.244383460739311e-12,13192.911673443823,5.255982014287586e-15
140,14.2,65.02,25.5,1.0,33.00093708222222,57.93076115222222,6.453951293333334,8.51316234111111,8.093514031111111,21.333333333333332,120.0,52.87661562540158,53.25632074014418,0.3610476026468354,0.5888095515193904,0.7444444444444445,0.7666666666666667,0.788888888888889,0.9578502902146274,0.18929621340960073,2.258753595802265e-11,4.275735027106886e-12,13292.6925490022,4.2850587302677e-15
141,14.3,65.02,25.5,1.0,33.09442073666666,58.00188332,6.433679151111111,8.506701117777778,8.108645345555555,21.333333333333332,120.0,52.790899090419515,53.34450450829374,0.35979647211716875,0.5859330239249505,0.7444444444444445,0.7666666666666667,0.788888888888889,0.9597141649804395,0.1893295831144294,1.840838062883822e-11,3.4852510302696786e-12,13392.476479312205,3.49274518952936e-15
142,14.4,65.02,25.5,1.0,33.192685187777776,58.067994298888884,6.404166177777778,8.487281842222222,8.108224472222222,21.333333333333332,120.0,52.69764634071725,53.42249794365909,0.35877565159308983,0.5835172273751374,0.7444444444444445,0.7666666666666667,0.788888888888889,0.9616679739150074,0.18936349961668356,1.499948337826338e-11,2.8403546649502285e-12,13492.263401005055,2.8463776941080097e-15
143,14.5,65.02,25.5,1.0,33.28833950777778,58.13881177333334,6.383459231111111,8.480945645555556,8.123834365555556,21.333333333333332,120.0,52.6104668656724,53.50958187024336,0.3578886887134092,0.5814766260888782,0.7444444444444445,0.7666666666666667,0.788888888888889,0.9635775859362953,0.18939505829294423,1.2219435590128042e-11,2.314300715899178e-12,13592.053252450844,2.319140850941762e-15
144,14.6,65.02,25.5,1.0,33.38656268111111,58.20772212333333,6.355310962222223,8.468450892222222,8.13335006,21.333333333333332,120.0,52.520668826669784,53.59166992419015,0.35705089064401724,0.5795804089066176,0.7444444444444445,0.7666666666666667,0.788888888888889,0.9655481008220406,0.1894127173615318,9.952685240969652e-12,1.8851651565360744e-12,13691.845973699348,1.8890540278589765e-15
145,14.7,65.02,25.5,1.0,33.48642579333333,58.275580149999996,6.32993964,8.456128593333334,8.140002858888888,21.333333333333332,120.0,52.42843548142689,53.67166297397257,0.3562732480983519,0.5777389237206514,0.7444444444444445,0.7666666666666667,0.788888888888889,0.967541789960281,0.18944204894270003,8.104828351019087e-12,1.5353952891459406e-12,13791.641506423255,1.5385197240183072e-15
146,14.8,65.02,25.5,1.0,33.58608420777778,58.343029961111114,6.306025082222222,8.439051994444444,8.151175389999999,21.333333333333332,120.0,52.333709581696986,53.75285396315885,0.3554781696481919,0.5760748482793479,0.7444444444444445,0.7666666666666667,0.788888888888889,0.9695202461108278,0.1894561235655738,6.598754299830717e-12,1.2501744100075897e-12,13891.439793863674,1.2526842096643812e-15
147,14.9,65.02,25.5,1.0,33.68730195222222,58.410629863333334,6.278984536666666,8.425655874444445,8.16022297888889,21.333333333333332,120.0,52.2405983334518,53.83227475626501,0.3547869721424046,0.5745500461201921,0.7444444444444445,0.7666666666666667,0.788888888888889,0.9715477322559055,0.189470361359488,5.37149082060984e-12,1.0177383068201192e-12,13991.240780777809,1.0197541710845525e-15
148,15.0,65.02,25.5,1.0,33.78827217222222,58.47983514222223,6.257600774444445,8.42018287,8.17446238111111,21.333333333333332,120.0,52.14968487663077,53.91442035696355,0.3542046592308974,0.5731953344135242,0.7444444444444445,0.7666666666666667,0.788888888888889,0.9735714126987038,0.18949279278358935,4.371622209315842e-12,8.283909014380239e-13,14091.044413388736,8.300099363294342e-16
149,15.1,65.02,25.5,1.0,33.89175559333333,58.54604016666667,6.233566735555556,8.40725439,8.180837241111112,21.333333333333332,120.0,52.053647815441224,53.99086655516201,0.3537708279182639,0.5721592987887415,0.7444444444444445,0.7666666666666667,0.788888888888889,0.975634623274298,0.1895157554528716,3.5571770441050916e-12,6.741410947931893e-13,14190.850639337144,6.754412820502991e-16
150,15.2,65.02,25.5,1.0,33.99609900888889,58.60935314333334,6.205879642222222,8.381125131111112,8.186057907777776,21.333333333333332,120.0,51.95205461741031,54.064361993455826,0.35306464021141865,0.5708132128454122,0.7444444444444445,0.7666666666666667,0.788888888888889,0.9777006319739541,0.18951748459966375,2.893900392045764e-12,5.484447229824939e-13,14290.659407634972,5.494886260316053e-16
151,15.3,65.02,25.5,1.0,34.09938012111111,58.67702986111111,6.184869731111111,8.374976877777778,8.20056004111111,21.333333333333332,120.0,51.858978794275544,54.14375615053387,0.3526334273040946,0.569838388357904,0.7444444444444445,0.7666666666666667,0.788888888888889,0.979770291474896,0.18953385951031498,2.353840810797118e-12,4.4613253354326685e-13,14390.47066862086,4.469706432834941e-16
152,15.4,65.02,25.5,1.0,34.20334587333333,58.74411582666667,6.163945881111111,8.368614306666666,8.21516413,21.333333333333332,120.0,51.765268048190116,54.222189956769085,0.3522737393500128,0.5690293233505527,0.7444444444444445,0.7666666666666667,0.788888888888889,0.9818536209374388,0.18954832427867127,1.9141950313997175e-12,3.62832460544375e-13,14490.284373917297,3.635052664858696e-16
153,15.5,65.02,25.5,1.0,34.3088559,58.80819335555556,6.139289535555556,8.352749125555555,8.225121719999999,21.333333333333332,120.0,51.66698198291259,54.296384463083285,0.35191266983261,0.5683486833038355,0.7444444444444445,0.7666666666666667,0.788888888888889,0.9839573595299625,0.18955685578753287,1.5563635264072728e-12,2.950193765281595e-13,14590.100476389467,2.955594059723171e-16
154,15.6,65.02,25.5,1.0,34.41406782111111,58.87401733777779,6.118610981111111,8.345952793333332,8.239898455555554,21.333333333333332,120.0,51.57210832856763,54.37284638524224,0.3517271886717025,0.5679262926301164,0.7444444444444445,0.7666666666666667,0.788888888888889,0.986065189102432,0.18956819608368325,1.2651786297124686e-12,2.3983763055821893e-13,14689.918930105616,2.402710451152276e-16
155,15.7,65.02,25.5,1.0,34.522012904444445,58.934553091111106,6.091441377777778,8.320142784444444,8.24382546,21.333333333333332,120.0,51.467875973000666,54.440440166604944,0.3515457960429894,0.5676628273489471,0.7444444444444445,0.7666666666666667,0.788888888888889,0.9882064579293854,0.18956324670944996,1.0282738129484022e-12,1.9492292248880476e-13,14789.739690298951,1.952707019648908e-16
156,15.8,65.02,25.5,1.0,34.629108224444444,58.997384205555555,6.0646994111111105,8.304704997777778,8.254812857777777,21.333333333333332,120.0,51.369488526808325,54.511832173788626,0.3514996662794869,0.567663635343401,0.7444444444444445,0.7666666666666667,0.788888888888889,0.9903530523958205,0.18955844909632258,8.355684114006502e-13,1.583890521789853e-13,14889.562713330983,1.5866808558841532e-16
157,15.9,65.02,25.5,1.0,34.73678082222222,59.05877179666667,6.040835565555556,8.287939999999999,8.26498217,21.333333333333332,120.0,51.26909457531101,54.581943960653064,0.35150388765275786,0.5677693112223545,0.7444444444444445,0.7666666666666667,0.788888888888889,0.9924978817660148,0.18956315538404195,6.788467543177076e-13,1.2868433277068016e-13,14989.387956656205,1.2890819531449886e-16
158,16.0,65.02,25.5,1.0,34.84402382555555,59.121803254444444,6.020764465555555,8.280324194444445,8.279985698888888,21.333333333333332,120.0,51.172364765771725,54.65425165446696,0.3516593077679915,0.5680762495241921,0.7444444444444445,0.7666666666666667,0.788888888888889,0.9946448938041558,0.1895705034522338,5.514144746522651e-13,1.0453191957067892e-13,15089.21537878815,1.0471150192772691e-16
159,16.1,65.02,25.5,1.0,34.954672394444444,59.17953446888888,5.993956921111111,8.257898644444445,8.28007742,21.333333333333332,120.0,51.0677356132654,54.71627101635077,0.35189630870180155,0.5685462894346998,0.7444444444444445,0.7666666666666667,0.788888888888889,0.9968445749966072,0.18957802806875804,4.4781790294441705e-13,8.489643497408905e-14,15189.04493926665,8.504047958687119e-17
160,16.2,65.02,25.5,1.0,35.06232739777778,59.24077876777778,5.976839340000001,8.246592684444444,8.296737091111112,21.333333333333332,120.0,50.968137111851824,54.786531732498766,0.35208233217096874,0.5689741770438995,0.7444444444444445,0.7666666666666667,0.788888888888889,0.9989863155810058,0.189578522824603,3.6361501352250067e-13,6.893359714044371e-14,15288.87659862632,6.904911915628584e-17
161,16.3,65.02,25.5,1.0,35.17160346111112,59.299137164444446,5.953839558888889,8.229070151111111,8.306951688888889,21.333333333333332,120.0,50.866236920252874,54.85227610861107,0.3522614575027833,0.5694432820501056,0.7444444444444445,0.7666666666666667,0.788888888888889,1.0011605162348463,0.18958190924810514,2.9518849044040106e-13,5.5962397605757264e-14,15388.710318366215,5.605503565346649e-17
162,16.4,65.02,25.5,1.0,35.28033191222222,59.359056943333336,5.934442256666667,8.220765576666667,8.322031652222222,21.333333333333332,120.0,50.76823018725488,54.920166772971626,0.3525412611060597,0.5700054031010776,0.7444444444444445,0.7666666666666667,0.788888888888889,1.0033352202639367,0.1895878491869492,2.3959319929352805e-13,4.542395933388006e-14,15488.546060920544,4.5498239000078074e-17
163,16.5,65.02,25.5,1.0,35.39105656555555,59.414650603333335,5.9035230711111115,8.195684473333333,8.328243784444446,21.333333333333332,120.0,50.664319518178786,54.98063469553757,0.35269998947870485,0.5705189251995589,0.7444444444444445,0.7666666666666667,0.788888888888889,1.0055489657715475,0.18957184225119067,1.9443175793500032e-13,3.685878654387558e-14,15588.383789630503,3.6918332199613997e-17
164,16.6,65.02,25.5,1.0,35.49887455555555,59.47492370222223,5.890840507777778,8.192323478888888,8.35076683,21.333333333333332,120.0,50.56761080148271,55.05004744216547,0.3530147604527926,0.5711425286180851,0.7444444444444445,0.7666666666666667,0.788888888888889,1.0077007830612752,0.1895759116985013,1.5775305048580206e-13,2.9906178369065623e-14,15688.223468717071,2.9953912155699307e-17
165,16.7,65.02,25.5,1.0,35.60923549222222,59.529977444444434,5.868707564444445,8.174056365555556,8.361019457777777,21.333333333333332,120.0,50.464667478052135,55.11130777940585,0.35320332350845374,0.5716119474549086,0.7444444444444445,0.7666666666666667,0.788888888888889,1.009893337748799,0.1895803026944252,1.2796947110066474e-13,2.4260491066909518e-14,15788.065063254782,2.4298751679679006e-17
166,16.8,65.02,25.5,1.0,35.72002255222222,59.5842423388889,5.84651244,8.156318643333332,8.37027247,21.333333333333332,120.0,50.36176598361975,55.17093865852053,0.35338294371949736,0.5719956437296122,0.7444444444444445,0.7666666666666667,0.788888888888889,1.0120965817049743,0.18958406948042456,1.037894546008739e-13,1.9676827172387446e-14,15887.90853914648,1.970749096311048e-17
167,16.9,65.02,25.5,1.0,35.82990012666667,59.63993088444444,5.8279738466666675,8.14718405,8.385417876666667,21.333333333333332,120.0,50.262799107171624,55.23317716924262,0.3536363521763259,0.5724694901862731,0.7444444444444445,0.7666666666666667,0.788888888888889,1.014290839751613,0.18959157302729399,8.416248137354391e-14,1.595649723349052e-14,15987.75386309889,1.5981070193467932e-17
168,17.0,65.02,25.5,1.0,35.94144356444444,59.69248951888889,5.806318041111111,8.130921789999999,8.392570139999998,21.333333333333332,120.0,50.16021777291242,55.28938734429377,0.35396525145518815,0.5730766359392816,0.7444444444444445,0.7666666666666667,0.788888888888889,1.0165104589968805,0.1896024193977115,6.823425931951416e-14,1.2937380652790729e-14,16087.6010025991,1.2957070654399386e-17
169,17.1,65.02,25.5,1.0,36.05229708111111,59.743894778888894,5.787263357777778,8.1095559,8.403335576666667,21.333333333333332,120.0,50.0551030102016,55.34560213837753,0.3540564991662719,0.5733104651287915,0.7444444444444445,0.7666666666666667,0.788888888888889,1.0187008910294149,0.18960549424128442,5.53102069678803e-14,1.0487119128732677e-14,16187.449925891855,1.0502893972502045e-17
170,17.2,65.02,25.5,1.0,36.16415605,59.79352132111111,5.757823766666666,8.083259347777776,8.409552317777777,21.333333333333332,120.0,49.95014965771212,55.39817477558289,0.35413272257866374,0.5735843177987481,0.7444444444444445,0.7666666666666667,0.788888888888889,1.0209313637503974,0.18959535232870406,4.4825706252933425e-14,8.498745570407903e-15,16287.300601957611,8.511381372104476e-18
171,17.3,65.02,25.5,1.0,36.27445952777778,59.84566284444444,5.740030046666667,8.073572136666668,8.42462520111111,21.333333333333332,120.0,49.85091519348575,55.455795496964946,0.3543160400628893,0.5738579030685486,0.7444444444444445,0.7666666666666667,0.788888888888889,1.023130882088764,0.18960672249281393,3.6321874866243055e-14,6.88687164818246e-15,16387.1530004914,6.896992996394382e-18
172,17.4,65.02,25.5,1.0,36.38587827333333,59.89464434888888,5.719108002222223,8.05504531111111,8.43362728111111,21.333333333333332,120.0,49.74758060835543,55.50848313874432,0.35439254438054374,0.5739383108561846,0.7444444444444445,0.7666666666666667,0.788888888888889,1.0253415770488075,0.18961671440941882,2.942583801498876e-14,5.5796307231459435e-15,16487.00709188233,5.58773695826914e-18
173,17.5,65.02,25.5,1.0,36.49708707333333,59.94262785888889,5.698842655555556,8.035638646666667,8.443583645555556,21.333333333333332,120.0,49.643905264469,55.56050725511133,0.35444454145863097,0.5740071280201903,0.7444444444444445,0.7666666666666667,0.788888888888889,1.0275432124626906,0.18962953734235186,2.3834667221992278e-14,4.519756918015314e-15,16586.862847193912,4.5262485636829606e-18
174,17.6,65.02,25.5,1.0,36.606119211111114,59.99390590777778,5.6881914855555555,8.030675593333333,8.465929406666667,21.333333333333332,120.0,49.546318078374334,55.618065166162125,0.3545999148815348,0.5741638091860826,0.7444444444444445,0.7666666666666667,0.788888888888889,1.029710815704218,0.18964251689662234,1.9302307174982685e-14,3.660538114575448e-15,16686.72023814493,3.665736146621505e-18
175,17.7,65.02,25.5,1.0,36.71648533333334,60.04236545333333,5.671131064444444,8.020495654444444,8.480887584444444,21.333333333333332,120.0,49.44715528846051,55.67101400824632,0.35470230112875206,0.5741944677871536,0.7444444444444445,0.7666666666666667,0.788888888888889,1.0319080293444056,0.189659169397171,1.562893685893301e-14,2.9641711832260652e-15,16786.579237091028,2.9683329675754116e-18
176,17.8,65.02,25.5,1.0,36.827437020000005,60.08837449000001,5.648147964444444,8.001639548888889,8.49220796,21.333333333333332,120.0,49.34533426399591,55.71999748083005,0.35472639458898114,0.574176294289375,0.7444444444444445,0.7666666666666667,0.788888888888889,1.034116675147909,0.18966591948909572,1.2652313429555095e-14,2.399712660280801e-15,16886.4398170069,2.4030442036709076e-18
177,17.9,65.02,25.5,1.0,36.93769809,60.13496501777778,5.631426781111111,7.991229631111111,8.507121548888888,21.333333333333332,120.0,49.24632589644022,55.77062374989001,0.354788172423844,0.57408093038186,0.7444444444444445,0.7666666666666667,0.788888888888889,1.036309969305,0.18968578068766542,1.0240730715832136e-14,1.9425210006447736e-15,16986.30195146906,1.9451877933029032e-18
178,18.0,65.02,25.5,1.0,37.04961995,60.176490122222226,5.607122705555556,7.962915911111111,8.511569363333333,21.333333333333332,120.0,49.139782969304946,55.81350632762832,0.35466885499275386,0.5737570741802795,0.7444444444444445,0.7666666666666667,0.788888888888889,1.0385182482962796,0.1896994228712372,8.287292316034732e-15,1.5720945695170272e-15,17086.165614639205,1.5742289239776585e-18
179,18.1,65.02,25.5,1.0,37.15945454222222,60.220837961111116,5.594378872222222,7.9486361400000005,8.527494176666668,21.333333333333332,120.0,49.03846798140147,55.86129170374438,0.35463851217586284,0.5734560596163913,0.7444444444444445,0.7666666666666667,0.788888888888889,1.0406864676909535,0.1897186671433621,6.7052547888095945e-15,1.2721120013896023e-15,17186.030781248108,1.2738200661514588e-18
180,18.2,65.02,25.5,1.0,37.271055545555555,60.262637023333326,5.5762828366666675,7.932027082222222,8.533033006666665,21.333333333333332,120.0,48.9362751455312,55.902394710984,0.35473779224699636,0.5732836348631952,0.7444444444444445,0.7666666666666667,0.788888888888889,1.0428945737224204,0.18975030971342755,5.424241738902665e-15,1.0292515499172813e-15,17285.897426580046,1.0306183911693679e-18
181,18.3,65.02,25.5,1.0,37.38089148444445,60.30547427888889,5.560330224444445,7.921265742222222,8.547712573333333,21.333333333333332,120.0,48.83783062477073,55.9483142408599,0.35472170031618855,0.5729279710761397,0.7444444444444445,0.7666666666666667,0.788888888888889,1.0450756122288292,0.18977752437231019,4.387166535970155e-15,8.325856042054597e-16,17385.765526457744,8.336792310971267e-19
182,18.4,65.02,25.5,1.0,37.49237930666666,60.34386563777778,5.534395777777778,7.894217192222222,8.55176458,21.333333333333332,120.0,48.73357658873177,55.986303289877455,0.354565146912272,0.572403581261892,0.7444444444444445,0.7666666666666667,0.788888888888889,1.0472844097865872,0.18979484074948955,3.547731521024574e-15,6.733411390548034e-16,17485.63505722779,6.742160121358262e-19
183,18.5,65.02,25.5,1.0,37.601888994444444,60.384811256666666,5.518794124444444,7.883283861111112,8.56634464,21.333333333333332,120.0,48.63550401165939,56.02991651910649,0.3545134408607889,0.5719241911320577,0.7444444444444445,0.7666666666666667,0.788888888888889,1.049457048963107,0.18982610313422132,2.8683961034795327e-15,5.444964545689044e-16,17585.505995746556,5.45196296867944e-19
184,18.6,65.02,25.5,1.0,37.71078525111111,60.42428084444444,5.507797464444445,7.8677014977777775,8.582897974444444,21.333333333333332,120.0,48.534530889601626,56.07220478846094,0.35438486469040226,0.5713450435593728,0.7444444444444445,0.7666666666666667,0.788888888888889,1.0515967103531318,0.189856860596501,2.3187261576803202e-15,4.4022606888017297e-16,17685.37831936651,4.407858283453886e-19
185,18.7,65.02,25.5,1.0,37.819926654444444,60.46331400888889,5.492577146666666,7.8565978211111105,8.59735673888889,21.333333333333332,120.0,48.43686954022998,56.113488031152954,0.35429894642367227,0.5707420664877945,0.7444444444444445,0.7666666666666667,0.788888888888889,1.0537600344887599,0.1898921865382509,1.8740534284197123e-15,3.558681032121246e-16,17785.25200592303,3.563157756633696e-19
186,18.8,65.02,25.5,1.0,37.929738498888895,60.49962663222223,5.47246834,7.837089644444443,8.606420878888889,21.333333333333332,120.0,48.33630859518476,56.15036189630905,0.3541283356350252,0.5700058083494063,0.7444444444444445,0.7666666666666667,0.788888888888889,1.0559332892737692,0.1899229707360071,1.5143869337745301e-15,2.876168653062517e-16,17885.12703372161,2.8797484308098777e-19
187,18.9,65.02,25.5,1.0,38.03947811,60.53462017666667,5.454720824444444,7.817253245555556,8.614322558888889,21.333333333333332,120.0,48.23503071762805,56.18551737353437,0.3539257884793635,0.5691365716385303,0.7444444444444445,0.7666666666666667,0.788888888888889,1.0580958479055649,0.1899612192924159,1.2235291686029003e-15,2.324230927076428e-16,17985.00338152544,2.3270932322150395e-19
188,19.0,65.02,25.5,1.0,38.14849942777778,60.56933636555555,5.434143304444444,7.797207537777778,8.625047158888888,21.333333333333332,120.0,48.135261468605115,56.2206317954195,0.3537341126428522,0.5683739724531787,0.7444444444444445,0.7666666666666667,0.788888888888889,1.0602538829984685,0.18999306762871782,9.88358718563694e-16,1.8778130485750478e-16,18084.88102854345,1.880101323584187e-19
189,19.1,65.02,25.5,1.0,38.25670361888889,60.604563015555556,5.4196159844444445,7.785825395555556,8.639261267777776,21.333333333333332,120.0,48.03860716854741,56.25734361767166,0.353586966695483,0.5675382430405248,0.7444444444444445,0.7666666666666667,0.788888888888889,1.062394795648923,0.19003704835501833,7.982480640930813e-16,1.5169670595535666e-16,18184.759954418645,1.5187963187326366e-19
190,19.2,65.02,25.5,1.0,38.364256842222225,60.63827576111112,5.410043715555556,7.769746212222221,8.65526796,21.333333333333332,120.0,47.93900430982754,56.29257277289676,0.3533661803902197,0.5666001746720303,0.7444444444444445,0.7666666666666667,0.788888888888889,1.06450132489051,0.19008092167946733,6.445911894795847e-16,1.2252448740274363e-16,18284.640139216866,1.226707014104551e-19
191,19.3,65.02,25.5,1.0,38.471929178888885,60.671586950000005,5.395887056666667,7.75823602,8.669336985555555,21.333333333333332,120.0,47.84291452187952,56.32699130743706,0.35319223204314415,0.5656549429404738,0.7444444444444445,0.7666666666666667,0.788888888888889,1.0666297791623605,0.19012923343012986,5.204203612131977e-16,9.894712433889656e-17,18384.521563415863,9.906398269659769e-20
192,19.4,65.02,25.5,1.0,38.57931429888889,60.703940676666676,5.381885324444444,7.746671128888888,8.68334558111111,21.333333333333332,120.0,47.74712520084723,56.36027665196941,0.35300589436484126,0.5646579605404877,0.7444444444444445,0.7666666666666667,0.788888888888889,1.068751645976724,0.19017971038634812,4.2009530370996913e-16,7.989360319422688e-17,18484.40420789472,7.998698932931581e-20
193,19.5,65.02,25.5,1.0,38.68572283888889,60.73569314444444,5.3678030933333325,7.732396607777777,8.701170404444445,21.333333333333332,120.0,47.650881441128796,56.39329581775134,0.3527802136889968,0.5636915377020054,0.7444444444444445,0.7666666666666667,0.788888888888889,1.0708518340537792,0.19022232817855067,3.390511436575475e-16,6.449509791813894e-17,18584.288053923603,6.456971425610505e-20
194,19.6,65.02,25.5,1.0,38.792501485555555,60.76613493333333,5.35413002,7.720704825555556,8.715064329999999,21.333333333333332,120.0,47.555710742093595,56.42432533449525,0.35257068021607046,0.5625949881503858,0.7444444444444445,0.7666666666666667,0.788888888888889,1.0729598526284947,0.190277224846099,2.7359405052858585e-16,5.20587166689827e-17,18684.173083153815,5.211833232348408e-20
195,19.7,65.02,25.5,1.0,38.898648632222226,60.79556100333333,5.342601658888889,7.705385032222221,8.730728143333332,21.333333333333332,120.0,47.459144918885286,56.453868194831244,0.35231851464726094,0.5614432986730792,0.7444444444444445,0.7666666666666667,0.788888888888889,1.0750474367310103,0.1903261879434984,2.207355794144324e-16,4.201176137344828e-17,18784.059277608154,4.205938472478158e-20
196,19.8,65.02,25.5,1.0,39.00580832111111,60.822032328888895,5.326626745555555,7.685101488888888,8.73780593,21.333333333333332,120.0,47.36056844864203,56.47876773602302,0.35200808354067115,0.5601062739846181,0.7444444444444445,0.7666666666666667,0.788888888888889,1.0771503992722264,0.19038473669899342,1.7805841216887141e-16,3.389960391781143e-17,18883.94661967157,3.393764459479688e-20
197,19.9,65.02,25.5,1.0,39.11241528444444,60.84740332,5.311704942222223,7.663855934444445,8.745836983333334,21.333333333333332,120.0,47.26167297305522,56.50308968050663,0.3516766547759407,0.5587506553916626,0.7444444444444445,0.7666666666666667,0.788888888888889,1.079235664354375,0.1904464203748633,1.4360756635724184e-16,2.7349546951482356e-17,18983.83509208208,2.737992993497298e-20
198,20.0,65.02,25.5,1.0,39.21901937444444,60.872168532222226,5.294727668888889,7.644661214444445,8.752078227777778,21.333333333333332,120.0,47.164844359919535,56.525658731648086,0.3513904332201657,0.5573961962907019,0.7444444444444445,0.7666666666666667,0.788888888888889,1.0813325788968096,0.1905100869605767,1.158022576729607e-16,2.2061498179506855e-17,19083.724677922015,2.2085762260551714e-20
199,36.77966102,65.02,25.5,1.0,50.497783122222216,55.64863224777778,4.471031075555556,5.670242573333334,10.136231828888889,21.333333333333332,120.0,37.36897103601512,51.78261067757281,0.4566209436775012,0.6345500343947017,0.8,0.8,0.8,1.3101414001512097,0.21227920629461078,0.0,0.0,35853.35493807993,0.0
200,53.55932203,65.02,25.5,1.0,54.10936093222222,50.72513625111111,4.50626308888889,4.673984895555556,10.72527215888889,21.333333333333332,120.0,34.261678779193296,47.85485762546764,0.5139607645371718,0.7295183402803512,0.8,0.8,0.8,1.4028309332531164,0.2290768755547266,0.0,0.0,52629.26781051299,0.0
201,70.33898305,65.02,25.5,1.0,55.75296002777778,48.783186925555555,4.634938326666667,4.099415553333333,11.021847808888888,21.333333333333332,120.0,32.83915784801755,46.14674741154522,0.5426172922141141,0.7473795896037901,0.8,0.8,0.8,1.449033798690537,0.2390916492682533,0.0,0.0,69406.96862492381,0.0
202,87.11864407,65.02,25.5,1.0,56.68482125333333,47.71688536,4.763603097777779,3.7407463699999997,11.227056354444445,21.333333333333332,120.0,32.03950094709424,45.16265146855588,0.5558244026726078,0.7334466761432298,0.8,0.8,0.8,1.4760490573747995,0.24539665011845913,0.0,0.0,86185.4244533648,0.0
203,103.89830508,65.02,25.5,1.0,57.27631219666667,47.03383852666666,4.8660766877777775,3.4872064355555557,11.34850484,21.333333333333332,120.0,31.53056571560701,44.50912338828907,0.5627125598061311,0.7132529300081342,0.8,0.8,0.8,1.4936075868335938,0.24964872024713947,0.0,0.0,102964.2695215232,0.0
204,120.6779661,65.02,25.5,1.0,57.67891918555555,46.562198755555556,4.954068037777778,3.3034050033333333,11.449180523333332,21.333333333333332,120.0,31.189059075834052,44.05799747109701,0.5666041771196476,0.6940787372887707,0.8,0.8,0.8,1.5058597776155573,0.2526792379073617,0.0,0.0,119743.34149269488,0.0
205,137.45762712,65.02,25.5,1.0,57.966466705555554,46.22271569,5.024769116666667,3.164142185555556,11.522230616666668,21.333333333333332,120.0,30.942724675043376,43.73958765545714,0.5690782256939716,0.6776609320200003,0.8,0.8,0.8,1.5148712701252998,0.25493755436009147,0.0,0.0,136522.55727023515,0.0
206,154.23728814,65.02,25.5,1.0,58.17988227777778,45.97133706555556,5.078557755555555,3.0514114044444445,11.559569768888888,21.333333333333332,120.0,30.759767557226112,43.50758643951681,0.5710716555716132,0.6646935006664346,0.8,0.8,0.8,1.5217708253595896,0.25668264593588846,0.0,0.0,153301.86992165886,0.0
207,171.01694915,65.02,25.5,1.0,58.34244417666667,45.78249886333333,5.124417591111111,2.954548418888889,11.607732387777778,21.333333333333332,120.0,30.619028854864617,43.35861897147173,0.5734003362624087,0.6559248121906233,0.8,0.8,0.8,1.5272033734431614,0.25806475881718377,0.0,0.0,170081.25092308052,0.0
208,187.79661017,65.02,25.5,1.0,58.469069866666665,45.64042440777778,5.173096907777778,2.8868203177777776,11.648766115555555,21.333333333333332,120.0,30.510241094704863,43.24872878798772,0.5762245895304822,0.6506095513550522,0.8,0.8,0.8,1.5315926264972175,0.2591869344263329,0.0,0.0,186860.68197110074,0.0
209,204.57627119,65.02,25.5,1.0,58.57003695444444,45.53173239333333,5.208154273333333,2.8214372544444446,11.669341537777777,21.333333333333332,120.0,30.42318075853071,43.17499554688615,0.5789825166837498,0.6471553932737443,0.8,0.8,0.8,1.5352154228865305,0.260116670125067,0.0,0.0,203640.1507437815,0.0
210,221.3559322,65.02,25.5,1.0,58.651534312222225,45.44879114333333,5.239682568888889,2.767859156666667,11.68977711111111,21.333333333333332,120.0,30.3522908856312,43.13045724893496,0.5814002650990426,0.644577203899464,0.8,0.8,0.8,1.5382505281667638,0.2608975854689499,0.0,0.0,220419.64865226,0.0
211,238.13559322,65.02,25.5,1.0,58.71820309888889,45.38465606555556,5.2632558,2.723859656666667,11.721537953333332,21.333333333333332,120.0,30.29514323645082,43.12646690040827,0.5834253033902613,0.6425480905530445,0.8,0.8,0.8,1.5408278521234573,0.26156220067740277,0.0,0.0,237199.1695555748,0.0
212,254.91525424,65.02,25.5,1.0,58.77355755111111,45.336194803333335,5.2902324400000005,2.6828001611111114,11.74095036,21.333333333333332,120.0,30.24673552326917,43.12042793458202,0.5851576996131741,0.6408009410211233,0.8,0.8,0.8,1.5430456644939383,0.2621350957723007,0.0,0.0,253978.7089049009,0.0
213,271.69491525,65.02,25.5,1.0,58.81989072333334,45.29919806777778,5.314510754444445,2.6492317966666667,11.76017156,21.333333333333332,120.0,30.206002153876437,43.12872467883246,0.5866246146692426,0.6393085047829328,0.8,0.8,0.8,1.5449730107941537,0.2626337268080881,0.0,0.0,270758.26327265066,0.0
214,288.47457627,65.02,25.5,1.0,58.859169689999995,45.27069608555556,5.32769669,2.6202471833333334,11.76010844,21.333333333333332,120.0,30.170867853587897,43.14676237774217,0.5878858908354877,0.6380351209401277,0.8,0.8,0.8,1.546667390450296,0.2630729098722058,0.0,0.0,287537.83005638584,0.0
215,305.25423729,65.02,25.5,1.0,58.89257060111111,45.24986376777778,5.3566690077777785,2.5940705611111112,11.787214682222222,21.333333333333332,120.0,30.14228216704464,43.169919792035905,0.5889372371651024,0.6368787724406034,0.8,0.8,0.8,1.5481587893262048,0.26345963650311255,0.0,0.0,304317.4072002766,0.0
216,322.03389831,65.02,25.5,1.0,58.92139230000001,45.234078579999995,5.373056528888889,2.5676498255555558,11.795918413333332,21.333333333333332,120.0,30.116885429039385,43.1990383536264,0.5898587110855277,0.6358896068174391,0.8,0.8,0.8,1.5494903082092255,0.26380536322472425,0.0,0.0,321096.993084882,0.0
217,338.81355932,65.02,25.5,1.0,58.94634040555555,45.22242622444444,5.382838787777778,2.546862212222222,11.795578834444445,21.333333333333332,120.0,30.0943114424505,43.233002988351814,0.5906678492058209,0.6350330719348307,0.8,0.8,0.8,1.550684916300423,0.26411588178185824,0.0,0.0,337876.5864015675,0.0
218,355.59322034,65.02,25.5,1.0,58.96808084333333,45.21437303555555,5.39743865,2.5246986899999997,11.80414852,21.333333333333332,120.0,30.07517191621848,43.26846807029982,0.5913625946885357,0.6342561430222349,0.8,0.8,0.8,1.5517593783085186,0.26439527701292104,0.0,0.0,354656.1861168148,0.0
219,372.37288136,65.02,25.5,1.0,58.98706527,45.208637276666664,5.4053851122222225,2.5090732477777777,11.825703325555557,21.333333333333332,120.0,30.058981992280994,43.32278989517205,0.5919565040535228,0.633629818548437,0.8,0.8,0.8,1.5527309853025624,0.26464806296004717,0.0,0.0,371435.7913569962,0.0
220,389.15254237,65.02,25.5,1.0,59.00382569222222,45.20563317666667,5.4237551066666665,2.4894873744444443,11.844055348888888,21.333333333333332,120.0,30.044475132768127,43.35967029378501,0.5924866177700653,0.6330044427025183,0.8,0.8,0.8,1.553614381565932,0.26487790205083145,0.0,0.0,388215.4013974363,0.0
221,405.93220339,65.02,25.5,1.0,59.01869164000001,45.203932408888896,5.430732455555556,2.4751087144444446,11.843629422222222,21.333333333333332,120.0,30.03088875302333,43.399271823302506,0.5929702254750918,0.6324628119143625,0.8,0.8,0.8,1.554424651808916,0.26508903432871167,0.0,0.0,404995.015661626,0.0
222,422.71186441,65.02,25.5,1.0,59.031914811111115,45.203573658888885,5.437184266666666,2.4618839366666667,11.843207861111111,21.333333333333332,120.0,30.01877829379701,43.438985871639886,0.5934004061259038,0.6319752591175306,0.8,0.8,0.8,1.5551677795348113,0.2652827570551677,0.0,0.0,421774.63363777037,0.0
223,439.49152542,65.02,25.5,1.0,59.04372989777778,45.204413730000006,5.448934935555555,2.446268566666667,11.851656718888888,21.333333333333332,120.0,30.008556859983766,43.4774150214481,0.5937728851516294,0.6315153994737523,0.8,0.8,0.8,1.555850356287135,0.26546069530272653,0.0,0.0,438554.2548907074,0.0
224,456.27118644,65.02,25.5,1.0,59.054323069999995,45.205944886666664,5.454511996666667,2.4349635022222222,11.851239666666666,21.333333333333332,120.0,29.99882705791277,43.51649812361085,0.59411722478764,0.6311161116858237,0.8,0.8,0.8,1.5564820096956287,0.26562548708841693,0.0,0.0,455333.87907781685,0.0
225,473.05084746,65.02,25.5,1.0,59.06385847444445,45.20813164444444,5.459711175555556,2.424468508888889,11.850833635555555,21.333333333333332,120.0,29.99005753898827,43.554972218125755,0.5944270157623118,0.6307531923117161,0.8,0.8,0.8,1.5570670631116217,0.2657781722639989,0.0,0.0,472113.5058779288,0.0
226,489.83050847,65.02,25.5,1.0,59.072447224444446,5.210998336666666,5.469736618888889,2.4141028844444445,11.860257763333333,21.333333333333332,120.0,29.98236270220603,43.59154620475758,0.5947016693118186,0.6304188193224071,0.8,0.8,0.8,1.5576090792658408,0.26591955604035084,0.0,0.0,488893.1350125109,0.0
227,506.61016949,65.02,25.5,1.0,59.080204798888886,5.214343955555556,5.484225815555556,2.4038222655555557,11.878757837777776,21.333333333333332,120.0,29.975808079487805,43.627787519456135,0.5949418635289615,0.6300958805655307,0.8,0.8,0.8,1.5581127123573544,0.2660509147948524,0.0,0.0,505672.7662686071,0.0
228,523.38983051,65.02,25.5,1.0,59.0873017388889,5.217720853333333,5.4885160766666665,2.3952753266666664,11.878375444444444,21.333333333333332,120.0,29.96927324855796,43.66376781346041,0.595171741197343,0.629818569986715,0.8,0.8,0.8,1.5585852593298177,0.2661743510800779,0.0,0.0,522452.3994331356,0.0
229,540.16949153,65.02,25.5,1.0,59.09377112000001,5.221322609999999,5.492550052222223,2.387264243333333,11.878005991111111,21.333333333333332,120.0,29.963313872175135,43.69880716622678,0.5953810830658379,0.6295638167023941,0.8,0.8,0.8,1.559027400016588,0.2662898725029639,0.0,0.0,539232.0343282475,0.0
230,556.94915254,65.02,25.5,1.0,59.099684465555555,5.225087947777778,5.496349988888889,2.379740186666667,11.877649264444445,21.333333333333332,120.0,29.95786545227299,43.73288025075172,0.5955722271295182,0.6293292440570015,0.8,0.8,0.8,1.5594419730113294,0.266398215171082,0.0,0.0,556011.6707875278,0.0
231,573.72881356,65.02,25.5,1.0,59.1051056,5.229070084444446,5.505787171111111,2.3692014155555556,11.886094377777777,21.333333333333332,120.0,29.95350548666182,43.76490445125674,0.5957351315850399,0.6290921835708043,0.8,0.8,0.8,1.559830414367551,0.26649969545215957,0.0,0.0,572791.3086928591,0.0
232,590.50847458,65.02,25.5,1.0,59.11008331111111,5.233019168888892,5.509183956666666,2.362522761111111,11.885755208888888,21.333333333333332,120.0,29.9489219399654,43.79701898529359,0.5958956004838762,0.6288918487144535,0.8,0.8,0.8,1.5601970791240594,0.26659555776749827,0.0,0.0,589570.9479118227,0.0
233,607.28813559,65.02,25.5,1.0,59.114666245555554,5.237009475555557,5.51239935,2.35621628,11.88542807111111,21.333333333333332,120.0,29.944702925481536,43.82816140295625,0.5960431543505966,0.6287062016253147,0.8,0.8,0.8,1.5605428266510528,0.26668596777458997,0.0,0.0,606350.5883255303,0.0
234,624.06779661,65.02,25.5,1.0,59.118894903333334,5.24101445111111,5.515447481111111,2.350251716666667,11.885112531111112,21.333333333333332,120.0,29.940811488336017,43.85834459053936,0.5961791209804437,0.6285338365788371,0.8,0.8,0.8,1.560869395031372,0.26677137703366566,0.0,0.0,623130.2298568039,0.0
235,640.84745763,65.02,25.5,1.0,59.12280473,5.245013748888891,5.518341054444445,2.3446019966666665,11.88480813,21.333333333333332,120.0,29.937215227364838,43.88758763573112,0.5963046630973642,0.6283735057652636,0.8,0.8,0.8,1.5611783357646625,0.2668521887751005,0.0,0.0,639909.8724086441,0.0
236,657.62711864,65.02,25.5,1.0,59.12642683111111,5.248989764444444,5.521091520000001,2.3392428633333333,11.884514416666667,21.333333333333332,120.0,29.93388564976429,43.91591112495218,0.5964208014670532,0.6282241103072975,0.8,0.8,0.8,1.5614710355102408,0.26692876371198215,0.0,0.0,656689.51589293,0.0
237,674.40677966,65.02,25.5,1.0,59.129788667777774,5.252929644444444,5.523709216666666,2.3341524522222223,11.884230953333335,21.333333333333332,120.0,29.930797488110912,43.94333997208568,0.5965284376485926,0.628084666702285,0.8,0.8,0.8,1.5617487414609454,0.2670014262472623,0.0,0.0,673469.160259316,0.0
238,691.18644068,65.02,25.5,1.0,59.13291633666667,5.256906973333333,5.532101843333333,2.32582673,11.892705206666667,21.333333333333332,120.0,29.928571363829203,43.96883711889799,0.5966161171478963,0.6279330922408543,0.8,0.8,0.8,1.562011701809447,0.26707019478633065,0.0,0.0,690248.8054342874,0.0
239,707.96610169,65.02,25.5,1.0,59.13581136222222,5.260857759999999,5.539721856666667,2.320545782222222,11.902213826666667,21.333333333333332,120.0,29.926170258558297,43.9933491976071,0.596703574592071,0.6278067510887761,0.8,0.8,0.8,1.5622617327803645,0.2671355570105681,0.0,0.0,707028.4513503507,0.0
240,724.74576271,65.02,25.5,1.0,59.138527626666665,5.264629060000001,5.542002874444444,2.3161441388888893,11.901951775555554,21.333333333333332,120.0,29.92368582075115,44.01824843088186,0.5967900679745709,0.6276921617159275,0.8,0.8,0.8,1.5625008080747917,0.26719813807855625,0.0,0.0,723808.0979753373,0.0
241,741.52542373,65.02,25.5,1.0,59.141065510000004,5.268334014444445,5.54418343,2.3119431388888887,11.901698604444444,21.333333333333332,120.0,29.92136710647746,44.04236081200314,0.5968707513006796,0.627584555698394,0.8,0.8,0.8,1.5627287700346304,0.26725781686197264,0.0,0.0,740587.7452518003,0.0
242,758.30508475,65.02,25.5,1.0,59.143440266666666,5.2719690144444415,5.5462700244444445,2.3079293533333334,11.901453922222222,21.333333333333332,120.0,29.91919998377638,44.06571390030974,0.5969461249635692,0.627483369257395,0.8,0.8,0.8,1.562946376039685,0.2673147906287746,0.0,0.0,757367.3931364923,0.0
243,775.08474576,65.02,25.5,1.0,59.14562786444445,5.275731715555556,5.549713086666666,2.3050994677777776,11.91218786888889,21.333333333333332,120.0,29.91607908095238,44.09007107019978,0.5970348378763098,0.627359784715587,0.8,0.8,0.8,1.5631534973721826,0.2673689714934285,0.0,0.0,774147.0415799114,0.0
244,791.86440678,65.02,25.5,1.0,59.147716736666666,5.279216913333334,5.551631555555556,2.301418871111111,11.911959223333334,21.333333333333332,120.0,29.91417716711208,44.11195233007274,0.5971009358114121,0.6272698792305792,0.8,0.8,0.8,1.563352415634351,0.2674210638806433,0.0,0.0,790926.6905659031,0.0
245,808.6440678,65.02,25.5,1.0,59.14970073333333,5.282381673333335,5.55208554,2.2976565166666667,11.922759682222223,21.333333333333332,120.0,29.914721263191193,44.141418934835556,0.5971216224800233,0.6272605125907711,0.8,0.8,0.8,1.5635422159035526,0.2674707888996121,0.0,0.0,807706.3400513147,0.0
246,825.42372881,65.02,25.5,1.0,59.151548358888896,5.2857920088888894,5.559791921111111,2.2907625544444445,11.931260479999999,21.333333333333332,120.0,29.91369711637466,44.16079109103837,0.5971674468378576,0.6271587288120605,0.8,0.8,0.8,1.5637240245071349,0.2675183714825549,0.0,0.0,824485.9899956883,0.0
247,842.20338983,65.02,25.5,1.0,59.15328709111111,5.289055254444445,5.561497717777778,2.287506796666667,11.931049864444445,21.333333333333332,120.0,29.91212495490025,44.180592561886364,0.5972221392466199,0.6270828534123144,0.8,0.8,0.8,1.5638991259325705,0.267564239443935,0.0,0.0,841265.6403909943,0.0
248,858.98305085,65.02,25.5,1.0,59.154926671111106,5.292243639999999,5.563138393333333,2.284379042222222,11.930845835555555,21.333333333333332,120.0,29.910644778151045,44.19979451535934,0.5972736213360632,0.6270109926643004,0.8,0.8,0.8,1.564067224569181,0.26760827655843034,0.0,0.0,858045.2912013924,0.0
249,875.76271186,65.02,25.5,1.0,59.15647444888889,5.295357685555554,5.564717615555555,2.2813718966666667,11.930648103333333,21.333333333333332,120.0,29.909249760660128,44.218419737373125,0.5973221333509775,0.6269428612383251,0.8,0.8,0.8,1.5642287312981547,0.267650590028976,0.0,0.0,874824.9423930233,0.0
250,892.54237288,65.02,25.5,1.0,59.157937115555555,5.298398198888891,5.56623877,2.2784785033333335,11.930456392222222,21.333333333333332,120.0,29.907933650652613,44.23649048798946,0.5973678947434972,0.6268782000342876,0.8,0.8,0.8,1.5643840263577298,0.267691279068859,0.0,0.0,891604.5939638215,0.0
251,909.3220339,65.02,25.5,1.0,59.15932082333333,5.3013668011111115,5.567704994444444,2.2756925388888884,11.930270452222222,21.333333333333332,120.0,29.906690713261,44.254028520658274,0.5974111068004826,0.6268167733705455,0.8,0.8,0.8,1.5645334610504473,0.2677304354006278,0.0,0.0,908384.2458833505,0.0
252,926.10169492,65.02,25.5,1.0,59.16060706555556,5.30431112222222,5.575663862222222,2.276215582222222,11.938476727777777,21.333333333333332,120.0,29.90626981405238,44.27113747025421,0.5974383674720714,0.626732543819401,0.8,0.8,0.8,1.5646767273598223,0.26776798793357637,0.0,0.0,925163.8981326547,0.0
253,942.88135593,65.02,25.5,1.0,59.161849485555564,5.307138661111112,5.577029356666666,2.2736260222222224,11.938301641111112,21.333333333333332,120.0,29.905158068883956,44.287669063494576,0.5974770191730426,0.6266769706588864,0.8,0.8,0.8,1.5648154048976393,0.2678043301764006,0.0,0.0,941943.5506841282,0.0
254,959.66101695,65.02,25.5,1.0,59.16302826,5.309898205555556,5.578348072222223,2.2711275377777778,11.938131629999999,21.333333333333332,120.0,29.904105220970457,44.3037268477851,0.5975136221971972,0.6266240349009805,0.8,0.8,0.8,1.5649491292933861,0.26783937655637646,0.0,0.0,958723.2035413956,0.0
255,976.44067797,65.02,25.5,1.0,59.16414762111112,5.312591591111113,5.579622374444444,2.268715402222222,11.937966477777778,21.333333333333332,120.0,29.903107308360834,44.31932929366304,0.5975483146186966,0.6265735655669994,0.8,0.8,0.8,1.5650781608214983,0.2678731950448363,0.0,0.0,975502.8566792081,0.0
256,993.22033898,65.02,25.5,1.0,59.165211525555556,5.315220177777779,5.580854458888889,2.2663852277777776,11.937805997777778,21.333333333333332,120.0,29.902160654755917,44.334493552327075,0.5975812256332018,0.6265254106925502,0.8,0.8,0.8,1.5652027423966126,0.2679058491345275,0.0,0.0,992282.5100733468,0.0
257,1010.0,65.02,25.5,1.0,59.166223532222226,5.317785718888889,5.5820464,2.2641329066666667,11.93764999111111,21.333333333333332,120.0,29.901261921476262,44.34923621290497,0.5976124714727533,0.6264794253680164,0.8,0.8,0.8,1.5653230993158,0.267937397675973,0.0,0.0,1009062.1637305381,0.0
